Rainha Das Quedas - FM (89.1),Abelardo Luz / SC,Galvão / SC,São Domingos / SC,Ipuaçu / SC,Entre Rios / SC,Marema / SC,Xanxerê / SC,Bom Jesus / SC,Ouro Verde / SC,Passos Maia / SC,Vargeão / SC,Ponte Serrada / SC,Faxinal dos Guedes / SC,Xaxim / SC,,,,,,,,,,,,,,,,,,,,,,,,,,,,,,,,,,,,,,,,,,,,,,,,,,,,,,,,,,,,,,
Araranguá - FM (95.5),Araranguá / SC,,,,,,,,,,,,,,,,,,,,,,,,,,,,,,,,,,,,,,,,,,,,,,,,,,,,,,,,,,,,,,,,,,,,,,,,,,,
Cidade Amiga - FM (98.3),Armazém / SC,,,,,,,,,,,,,,,,,,,,,,,,,,,,,,,,,,,,,,,,,,,,,,,,,,,,,,,,,,,,,,,,,,,,,,,,,,,
Conexão - FM (103.3),Balneário Camboriú / SC,,,,,,,,,,,,,,,,,,,,,,,,,,,,,,,,,,,,,,,,,,,,,,,,,,,,,,,,,,,,,,,,,,,,,,,,,,,
Menina - FM (100.5),Balneário Camboriú / SC,Angelina / SC,Barra Velha / SC,Bombinhas / SC,Brusque / SC,Camboriú / SC,Canelinha / SC,Gaspar / SC,Ilhota / SC,Itajaí / SC,Itapema / SC,Luiz Alves / SC,Navegantes / SC,Penha / SC,Balneário Piçarras / SC,Porto Belo / SC,Tijucas / SC,São João Batista / SC,Araquari / SC,Balneário Barra do Sul / SC,Garuva / SC,Guaramirim / SC,Jaraguá do Sul / SC,Joinville / SC,Massaranduba / SC,São Francisco do Sul / SC,São João do Itaperiú / SC,Schroeder / SC,Antônio Carlos / SC,Biguaçu / SC,Florianópolis / SC,Garopaba / SC,Palhoça / SC,Santo Amaro da Imperatriz / SC,São José / SC,Alfredo Wagner / SC,,,,,,,,,,,,,,,,,,,,,,,,,,,,,,,,,,,,,,,,
Camboriú - FM (90.1),Balneário Camboriú / SC,Antônio Carlos / SC,Apiúna / SC,Araquari / SC,Ascurra / SC,Balneário Piçarras / SC,Benedito Novo / SC,Biguaçu / SC,Bombinhas / SC,Botuverá / SC,Brusque / SC,Barra Velha / SC,Blumenau / SC,Balneário Barra do Sul / SC,Camboriú / SC,Canelinha / SC,Florianópolis / SC,Garuva / SC,Governador Celso Ramos / SC,Guabiruba / SC,Gaspar / SC,Guaramirim / SC,Indaial / SC,Ilhota / SC,Itajaí / SC,Itapema / SC,Jaraguá do Sul / SC,Joinville / SC,Luiz Alves / SC,Navegantes / SC,Nova Trento / SC,Palhoça / SC,Penha / SC,Porto Belo / SC,Rio dos Cedros / SC,Rodeio / SC,São João Batista / SC,São Francisco do Sul / SC,São José / SC,São João do Itaperiú / SC,Santo Amaro da Imperatriz / SC,Tijucas / SC,Timbó / SC,,,,,,,,,,,,,,,,,,,,,,,,,,,,,,,,,
Divino Oleiro - FM (90.9),Balneário Camboriú / SC,,,,,,,,,,,,,,,,,,,,,,,,,,,,,,,,,,,,,,,,,,,,,,,,,,,,,,,,,,,,,,,,,,,,,,,,,,,
Transamérica - FM (99.7),Balneário Camboriú / SC,,,,,,,,,,,,,,,,,,,,,,,,,,,,,,,,,,,,,,,,,,,,,,,,,,,,,,,,,,,,,,,,,,,,,,,,,,,
Cultura (Marazul) - FM (97.1),Balneário Piçarras / SC,,,,,,,,,,,,,,,,,,,,,,,,,,,,,,,,,,,,,,,,,,,,,,,,,,,,,,,,,,,,,,,,,,,,,,,,,,,
Marazul - FM (94.5),Barra Velha / SC,,,,,,,,,,,,,,,,,,,,,,,,,,,,,,,,,,,,,,,,,,,,,,,,,,,,,,,,,,,,,,,,,,,,,,,,,,,
Fronteira - FM (94.3),Barracão / PR,,,,,,,,,,,,,,,,,,,,,,,,,,,,,,,,,,,,,,,,,,,,,,,,,,,,,,,,,,,,,,,,,,,,,,,,,,,
Itaberá (Bandeirantes) - FM (98.7),Blumenau / SC,,,,,,,,,,,,,,,,,,,,,,,,,,,,,,,,,,,,,,,,,,,,,,,,,,,,,,,,,,,,,,,,,,,,,,,,,,,
Jovem Pan (Nereu Ramos) - FM (88.7),Blumenau / SC,,,,,,,,,,,,,,,,,,,,,,,,,,,,,,,,,,,,,,,,,,,,,,,,,,,,,,,,,,,,,,,,,,,,,,,,,,,
106 - FM (106.3),Blumenau / SC,,,,,,,,,,,,,,,,,,,,,,,,,,,,,,,,,,,,,,,,,,,,,,,,,,,,,,,,,,,,,,,,,,,,,,,,,,,
Massa - FM (103.5),Blumenau / SC,Apiúna / SC,Ascurra / SC,Gaspar / SC,Ilhota / SC,Indaial / SC,Itajaí / SC,Navegantes / SC,Pomerode / SC,Rodeio / SC,Timbó / SC,,,,,,,,,,,,,,,,,,,,,,,,,,,,,,,,,,,,,,,,,,,,,,,,,,,,,,,,,,,,,,,,,
Antena 1 (Vale do Itajaí) - FM (88.1),Blumenau / SC,Apiúna / SC,Araquari / SC,Ascurra / SC,Balneário Camboriú / SC,Balneário Piçarras / SC,Barra Velha / SC,Benedito Novo / SC,Botuverá / SC,Brusque / SC,Camboriú / SC,Gaspar / SC,Guabiruba / SC,Guaramirim / SC,Ibirama / SC,Ilhota / SC,Indaial / SC,Itajaí / SC,Itapema / SC,Ituporanga / SC,Jaraguá do Sul / SC,Luiz Alves / SC,Massaranduba / SC,Navegantes / SC,Penha / SC,Pomerode / SC,Porto Belo / SC,Rio do Sul / SC,Rio dos Cedros / SC,Rodeio / SC,São Francisco do Sul / SC,Timbó / SC,,,,,,,,,,,,,,,,,,,,,,,,,,,,,,,,,,,,,,,,,,,,
Rede Clube - FM (89.1),Blumenau / SC,,,,,,,,,,,,,,,,,,,,,,,,,,,,,,,,,,,,,,,,,,,,,,,,,,,,,,,,,,,,,,,,,,,,,,,,,,,
Menina - FM (97.5),Blumenau / SC,Brusque / SC,Gaspar / SC,Balneário Camboriú / SC,Barra Velha / SC,Bombinhas / SC,Camboriú / SC,Ilhota / SC,Itajaí / SC,Itapema / SC,Luiz Alves / SC,Navegantes / SC,Penha / SC,Balneário Piçarras / SC,Porto Belo / SC,Tijucas / SC,Garuva / SC,Guaramirim / SC,Jaraguá do Sul / SC,Massaranduba / SC,Rio Negrinho / SC,São Bento do Sul / SC,São Francisco do Sul / SC,São João do Itaperiú / SC,Schroeder / SC,Agrolândia / SC,Apiúna / SC,Ascurra / SC,Benedito Novo / SC,Botuverá / SC,Dona Emma / SC,Doutor Pedrinho / SC,Guabiruba / SC,Ibirama / SC,Indaial / SC,Ituporanga / SC,José Boiteux / SC,Lontras / SC,Pomerode / SC,Presidente Getúlio / SC,Presidente Nereu / SC,Rio do Oeste / SC,Rio do Sul / SC,Rio dos Cedros / SC,Rodeio / SC,Timbó / SC,,,,,,,,,,,,,,,,,,,,,,,,,,,,,,
União - FM (96.5),Blumenau / SC,,,,,,,,,,,,,,,,,,,,,,,,,,,,,,,,,,,,,,,,,,,,,,,,,,,,,,,,,,,,,,,,,,,,,,,,,,,
CBN - FM (95.9),Blumenau / SC,,,,,,,,,,,,,,,,,,,,,,,,,,,,,,,,,,,,,,,,,,,,,,,,,,,,,,,,,,,,,,,,,,,,,,,,,,,
90 Lite Hits - FM (90.5),Blumenau / SC,,,,,,,,,,,,,,,,,,,,,,,,,,,,,,,,,,,,,,,,,,,,,,,,,,,,,,,,,,,,,,,,,,,,,,,,,,,
Arca da Aliança - FM (100.1),Blumenau / SC,,,,,,,,,,,,,,,,,,,,,,,,,,,,,,,,,,,,,,,,,,,,,,,,,,,,,,,,,,,,,,,,,,,,,,,,,,,
Atlântida - FM (102.7),Blumenau / SC,Apiúna / SC,Ascurra / SC,Balneário Camboriú / SC,Barra Velha / SC,Benedito Novo / SC,Bombinhas / SC,Botuverá / SC,Brusque / SC,Camboriú / SC,Doutor Pedrinho / SC,Gaspar / SC,Guabiruba / SC,Guaramirim / SC,Ibirama / SC,Ilhota / SC,Indaial / SC,Itajaí / SC,Itapema / SC,Jaraguá do Sul / SC,Lontras / SC,Luiz Alves / SC,Massaranduba / SC,Navegantes / SC,Penha / SC,Balneário Piçarras / SC,Pomerode / SC,Porto Belo / SC,Presidente Nereu / SC,Rio dos Cedros / SC,Rodeio / SC,São João do Itaperiú / SC,Tijucas / SC,Timbó / SC,,,,,,,,,,,,,,,,,,,,,,,,,,,,,,,,,,,,,,,,,,
Emy 10 - Comunitária (87.9),Bom Jesus do Oeste / SC,,,,,,,,,,,,,,,,,,,,,,,,,,,,,,,,,,,,,,,,,,,,,,,,,,,,,,,,,,,,,,,,,,,,,,,,,,,
ACB - Comunitária (87.9),Braço do Norte / SC,,,,,,,,,,,,,,,,,,,,,,,,,,,,,,,,,,,,,,,,,,,,,,,,,,,,,,,,,,,,,,,,,,,,,,,,,,,
Hiperativa - FM (96.7),Braço do Norte / SC,,,,,,,,,,,,,,,,,,,,,,,,,,,,,,,,,,,,,,,,,,,,,,,,,,,,,,,,,,,,,,,,,,,,,,,,,,,
Stylo (Grão Pará) - FM (102.1),Braço do Norte / SC,,,,,,,,,,,,,,,,,,,,,,,,,,,,,,,,,,,,,,,,,,,,,,,,,,,,,,,,,,,,,,,,,,,,,,,,,,,
Verde Vale - FM (91.9),Braço do Norte / SC,,,,,,,,,,,,,,,,,,,,,,,,,,,,,,,,,,,,,,,,,,,,,,,,,,,,,,,,,,,,,,,,,,,,,,,,,,,
Massa - FM (107.7),Brusque / SC,Balneário Camboriú / SC,Balneário Piçarras / SC,Barra Velha / SC,Benedito Novo / SC,Bombinhas / SC,Botuverá / SC,Camboriú / SC,Canelinha / SC,Doutor Pedrinho / SC,Gaspar / SC,Guabiruba / SC,Ilhota / SC,Itajaí / SC,Itapema / SC,Luiz Alves / SC,Navegantes / SC,Nova Trento / SC,Penha / SC,Porto Belo / SC,São Francisco do Sul / SC,São João Batista / SC,Tijucas / SC,,,,,,,,,,,,,,,,,,,,,,,,,,,,,,,,,,,,,,,,,,,,,,,,,,,,,
Cidade - FM (92.3),Brusque / SC,,,,,,,,,,,,,,,,,,,,,,,,,,,,,,,,,,,,,,,,,,,,,,,,,,,,,,,,,,,,,,,,,,,,,,,,,,,
Araguaia - FM (104.5),Brusque / SC,Botuverá / SC,Guabiruba / SC,Nova Trento / SC,São João Batista / SC,Gaspar / SC,Canelinha / SC,,,,,,,,,,,,,,,,,,,,,,,,,,,,,,,,,,,,,,,,,,,,,,,,,,,,,,,,,,,,,,,,,,,,,
Diplomata - FM (105.3),Brusque / SC,Guabiruba / SC,Botuverá / SC,Gaspar / SC,Nova Trento / SC,São João Batista / SC,Canelinha / SC,Tijucas / SC,Ilhota / SC,Itajaí / SC,Navegantes / SC,Balneário Camboriú / SC,Penha / SC,Balneário Piçarras / SC,Barra Velha / SC,,,,,,,,,,,,,,,,,,,,,,,,,,,,,,,,,,,,,,,,,,,,,,,,,,,,,,,,,,,,,
92 - FM (92.9),Caçador / SC,,,,,,,,,,,,,,,,,,,,,,,,,,,,,,,,,,,,,,,,,,,,,,,,,,,,,,,,,,,,,,,,,,,,,,,,,,,
Caçanjurê - FM (107.3),Caçador / SC,,,,,,,,,,,,,,,,,,,,,,,,,,,,,,,,,,,,,,,,,,,,,,,,,,,,,,,,,,,,,,,,,,,,,,,,,,,
Massa - FM (105.7),Caçador / SC,Arroio Trinta / SC,Calmon / SC,Fraiburgo / SC,Iomerê / SC,Lebon Régis / SC,Macieira / SC,Matos Costa / SC,Rio das Antas / SC,Salto Veloso / SC,Videira / SC,,,,,,,,,,,,,,,,,,,,,,,,,,,,,,,,,,,,,,,,,,,,,,,,,,,,,,,,,,,,,,,,,
Caibi - FM (96.7),Caibi / SC,Ametista do Sul / RS,Frederico Westphalen / RS,Caiçara / RS,Alpestre / RS,Pinheirinho do Vale / RS,Iraí / RS,Vicente Dutra / RS,Mondaí / SC,São Carlos / SC,Caxambu do Sul / SC,Planalto Alegre / SC,Palmitos / SC /,Riqueza / SC,São João do Oeste / SC,Iporã do Oeste / SC,Tunápolis / SC,Santa Helena / SC,Saudades / SC,Nova Erechim / SC,Pinhalzinho / SC,Cunha Porã / SC,Iraceminha / SC,,,,,,,,,,,,,,,,,,,,,,,,,,,,,,,,,,,,,,,,,,,,,,,,,,,,,
Atalaia - FM (106.1),Campo Erê / SC,,,,,,,,,,,,,,,,,,,,,,,,,,,,,,,,,,,,,,,,,,,,,,,,,,,,,,,,,,,,,,,,,,,,,,,,,,,
Ascucca - Comunitária (104.9),Campos Novos / SC,,,,,,,,,,,,,,,,,,,,,,,,,,,,,,,,,,,,,,,,,,,,,,,,,,,,,,,,,,,,,,,,,,,,,,,,,,,
Cultura - FM (93.9),Campos Novos / SC,Zortéa / SC,Joaçaba / SC,Videira / SC,Barracão / RS,Anita Garibaldi / SC,Tangará / SCMonte Carlo / SCFraiburgo / SC,Pinheiro Preto / SC,Erval Velho / SC,Ibicaré / SC,Luzerna / SC,Lacerdópolis / SC,Capinzal / SC,Herval d'Oeste / SC,São José do Ouro / RS,Machadinho / RS,Brunópolis / SC,Curitibanos / SC,Esmeralda / RS,Pinhal da Serra / RS,Abdon Batista / SC,Ibiam / SC,Celso Ramos / SC,Cerro Negro / SC,,,,,,,,,,,,,,,,,,,,,,,,,,,,,,,,,,,,,,,,,,,,,,,,,,,,
Simpatia - FM (105.5),Campos Novos / SC,,,,,,,,,,,,,,,,,,,,,,,,,,,,,,,,,,,,,,,,,,,,,,,,,,,,,,,,,,,,,,,,,,,,,,,,,,,
Massa - FM (105.1),Canoinhas / SC,Monte Castelo / SC,Papanduva / SC,Porto União / SC,Três Barras / SC,,,,,,,,,,,,,,,,,,,,,,,,,,,,,,,,,,,,,,,,,,,,,,,,,,,,,,,,,,,,,,,,,,,,,,,
Clube - FM (94.9),Canoinhas / SC,,,,,,,,,,,,,,,,,,,,,,,,,,,,,,,,,,,,,,,,,,,,,,,,,,,,,,,,,,,,,,,,,,,,,,,,,,,
98 - FM (98.1),Canoinhas / SC,,,,,,,,,,,,,,,,,,,,,,,,,,,,,,,,,,,,,,,,,,,,,,,,,,,,,,,,,,,,,,,,,,,,,,,,,,,
Massa - FM (99.7),Capinzal / SC,Campos Novos / SC,Celso Ramos / SC,Concórdia / SC,Erval Velho / SC,Herval d'Oeste / SC,Ibicaré / SC,Ipira / SC,Jaborá / SC,Joaçaba / SC,Lacerdópolis / SC,Luzerna / SC,Ouro / SC,Peritiba / SC,Piratuba / SC,Vargem / SC,Zortéa / SC,,,,,,,,,,,,,,,,,,,,,,,,,,,,,,,,,,,,,,,,,,,,,,,,,,,,,,,,,,,
Capinzal - FM (102.3),Capinzal / SC,,,,,,,,,,,,,,,,,,,,,,,,,,,,,,,,,,,,,,,,,,,,,,,,,,,,,,,,,,,,,,,,,,,,,,,,,,,
Catanduvas - Comunitária (104.9),Catanduvas / SC,,,,,,,,,,,,,,,,,,,,,,,,,,,,,,,,,,,,,,,,,,,,,,,,,,,,,,,,,,,,,,,,,,,,,,,,,,,
Condá - FM (98.9),Chapecó / SC,Arvoredo / SC,São Domingos / SC,São José do Cedro / SC,Jardinópolis / SC,Fraiburgo / SC,São Miguel do Oeste / SC,Caxambu do Sul / SC,Concórdia / SC,Iraceminha / SC,Marema / SC,Guaraciaba / SC,Guatambú / SC,Santiago do Sul / SC,Ponte Serrada / SC,Descanso / SC,Nova Erechim / SC,Iporã do Oeste / SC,Formosa do Sul / SC,Cordilheira Alta / SC,Irati / SC,Catanduvas / SC,Erval Velho / SC,Palma Sola / SC,Águas Frias / SC,Abelardo Luz / SC,São Lourenço do Oeste / SC,Piratuba / SC,Cunha Porã / SC,Mondaí / SC,Faxinal dos Guedes / SC,Nova Itaberaba / SC,Irani / SC,Curitibanos / SC,Itá / SC,Entre Rios / SC,Seara / SC,São Carlos / SC,Ipuaçu / SC,Planalto Alegre / SC,Coronel Freitas / SC,Modelo / SC,Caibi / SC,Joaçaba / SC,Lindóia do Sul / SC,Serra Alta / SC,Paial / SC,Palmitos / SC,Caçador / SC,Quilombo / SC,Campos Novos / SC,Arabutã / SC,Maravilha / SC,Herval d'Oeste / SC,Campo Erê / SC,União do Oeste / SC,Pinhalzinho / SC,Águas de Chapecó / SC,Saudades / SC,Vargeão / SC,Xanxerê / SC,Xaxim / SC,Xavantina / SC,,,,,,,,,,,,,
Massa - FM (107.1),Chapecó / SC,Abelardo Luz / SC,Águas de Chapecó / SC,Águas Frias / SC,Alto Bela Vista / SC,Anchieta / SC,Arvoredo / SC,Bandeirante / SC,Barra Bonita / SC,Belmonte / SC,Bom Jesus do Oeste / SC,Caibi / SC,Campo Erê / SC,Caxambu do Sul / SC,Clevelândia / PRConcórdia / SC,Cordilheira Alta / SC,Coronel Freitas / SC,Coronel Martins / SC,Cunha Porã / SC,Cunhataí / SC,Descanso / SC,Entre Rios / SC,Faxinal dos Guedes / SC,Flor do Sertão / SC,Formosa do Sul / SC,Galvão / SC,Guaraciaba / SC,Guatambú / SC,Ipira / SC,Iporã do Oeste / SC,Ipuaçu / SC,Ipumirim / SC,Iraceminha / SC,Irani / SC,Irati / SC,Itá / SC,Jardinópolis / SC,Jupiá / SC,Lacerdópolis / SC,Lajeado Grande / SC,Lindóia do Sul / SC,Maravilha / SC,Marema / SC,Modelo / SC,Mondaí / SC,Nova Erechim / SC,Nova Itaberaba / SC,Ouro Verde / SC,Paial / SC,Palma Sola / SC,Palmitos / SC,Passos Maia / SC,Pinhalzinho / SC,Planalto Alegre / SC,Ponte Serrada / SC,Quilombo / SC,Riqueza / SC,Romelândia / SC,Saltinho / SC,Santiago do Sul / SC,São Bernardino / SC,São Carlos / SC,São Domingos / SC,São José do Cedro / SC,São Lourenço do Oeste / SC,São Miguel da Boa Vista / SC,São Miguel do Oeste / SC,Saudades / SC,Seara / SC,Serra Alta / SC,Sul Brasil / SC,Tigrinhos / SC,Vargeão / SC,Xanxerê / SC,Xavantina / SC,Xaxim / SC
Atlântida - FM (99.3),Chapecó / SC,Abelardo Luz / SC,Águas de Chapecó / SC,Águas Frias / SC,Arvoredo / SC,Bom Jesus / SC,Caibi / SC,Caxambu do Sul / SC,Chapecó / SC,Concórdia / SC,Cordilheira Alta / SC,Coronel Freitas / SC,Cunha Porã / SC,Cunhataí / SC,Entre Rios / SC,Faxinal dos Guedes / SC,Formosa do Sul / SC,Guatambú / SC,Ipumirim / SC,Itá / SC,Jardinópolis / SC,Lajeado Grande / SC,Lindóia do Sul / SC,Marema / SC,Nova Erechim / SC,Nova Itaberaba / SC,Ouro Verde / SC,Palmitos / SC,Pinhalzinho / SC,Planalto Alegre / SC,Ponte Serrada / SC,Quilombo / SC,São Carlos / SC,São Domingos / SC,Saudades / SC,Seara / SC,União do Oeste / SC,Vargeão / SC,Xanxerê / SC,Xavantina / SC,Xaxim / SC,,,,,,,,,,,,,,,,,,,,,,,,,,,,,,,,,,,
Chapecó - FM (100.1),Chapecó / SC,Arvoredo / SC,Xaxim / SC,Cordilheira Alta / SC,Coronel Freitas / SC,Erval Grande / RSGuatambú / SC,Nonoai / RSNova Itaberaba / SC,Paial / SC,Planalto Alegre / SC,Seara / SC,,,,,,,,,,,,,,,,,,,,,,,,,,,,,,,,,,,,,,,,,,,,,,,,,,,,,,,,,,,,,,,,,,
Oeste Capital - FM (93.3),Chapecó / SC,,,,,,,,,,,,,,,,,,,,,,,,,,,,,,,,,,,,,,,,,,,,,,,,,,,,,,,,,,,,,,,,,,,,,,,,,,,
Efapi - Comunitária (105.1),Chapecó / SC,,,,,,,,,,,,,,,,,,,,,,,,,,,,,,,,,,,,,,,,,,,,,,,,,,,,,,,,,,,,,,,,,,,,,,,,,,,
Rede Clube - FM (104.5),Chapecó / SC,,,,,,,,,,,,,,,,,,,,,,,,,,,,,,,,,,,,,,,,,,,,,,,,,,,,,,,,,,,,,,,,,,,,,,,,,,,
Band (Coronel Freitas) - FM (94.7),Chapecó / SC,,,,,,,,,,,,,,,,,,,,,,,,,,,,,,,,,,,,,,,,,,,,,,,,,,,,,,,,,,,,,,,,,,,,,,,,,,,
ND - FM (94.1),Chapecó / SC,,,,,,,,,,,,,,,,,,,,,,,,,,,,,,,,,,,,,,,,,,,,,,,,,,,,,,,,,,,,,,,,,,,,,,,,,,,
Massa - FM (101.7),Concórdia / SC,Joaçaba / SC,Irani / SC,Jaborá / SC,Peritiba / SC,Presidente Castello Branco / SC,Arabutã / SC,Ipumirim / SC,Lindóia do Sul / SC,Seara / SC,Alto Bela Vista / SC,Ouro / SC,Catanduvas / SC,Água Doce / SC,Paial / SC,Itá / SC,Capinzal / SC,Piratuba / SC,Abdon Batista / SC,Vargem Bonita / SC,Chapecó / SC,,,,,,,,,,,,,,,,,,,,,,,,,,,,,,,,,,,,,,,,,,,,,,,,,,,,,,,
96 - FM (96.3),Concórdia / SC,,,,,,,,,,,,,,,,,,,,,,,,,,,,,,,,,,,,,,,,,,,,,,,,,,,,,,,,,,,,,,,,,,,,,,,,,,,
104.9 - Comunitária (104.9),Concórdia / SC,,,,,,,,,,,,,,,,,,,,,,,,,,,,,,,,,,,,,,,,,,,,,,,,,,,,,,,,,,,,,,,,,,,,,,,,,,,
Atual - FM (103.5),Concórdia / SC,Seara / SC,,,,,,,,,,,,,,,,,,,,,,,,,,,,,,,,,,,,,,,,,,,,,,,,,,,,,,,,,,,,,,,,,,,,,,,,,,
Rural - FM (93.7),Concórdia / SC,Abelardo Luz / SC,Água Doce / SC,Alto Bela Vista / SC,Arabutã / SC,Campos Novos / SC,Capinzal / SC,Catanduvas / SC,Chapecó / SC,Cordilheira Alta / SC,Coronel Freitas / SC,Entre Rios / SC,Erval Velho / SC,Vargem Bonita / SC,Faxinal dos Guedes / SC,Herval d'Oeste / SC,Ipira / SC,Ipuaçu / SC,Ipumirim / SC,Irani / SC,Itá / SC,Jaborá / SC,Joaçaba / SC,Lindóia do Sul / SC,Luzerna / SC,Ouro Verde / SC,Ouro / SC,Paial / SC,Passos Maia / SC,Peritiba / SC,Piratuba / SC,Ponte Serrada / SC,Presidente Castello Branco / SC,Seara / SC,Vargeão / SC,Xanxerê / SC,Xavantina / SC,Xaxim / SC,Zortéa / SC,,,,,,,,,,,,,,,,,,,,,,,,,,,,,,,,,,,,,
Continental - FM (96.1),Coronel Freitas / SC,,,,,,,,,,,,,,,,,,,,,,,,,,,,,,,,,,,,,,,,,,,,,,,,,,,,,,,,,,,,,,,,,,,,,,,,,,,
Nossa (Jaraguá do Sul) - FM (99.9),Corupá / SC,Jaraguá do Sul / SC,Guaramirim / SC,Schroeder / SC,Massaranduba / SC,,,,,,,,,,,,,,,,,,,,,,,,,,,,,,,,,,,,,,,,,,,,,,,,,,,,,,,,,,,,,,,,,,,,,,,
Eldorado - FM (98.5),Criciúma / SC,,,,,,,,,,,,,,,,,,,,,,,,,,,,,,,,,,,,,,,,,,,,,,,,,,,,,,,,,,,,,,,,,,,,,,,,,,,
Cidade em Dia (Araranguá) - FM (89.1),Criciúma / SC,,,,,,,,,,,,,,,,,,,,,,,,,,,,,,,,,,,,,,,,,,,,,,,,,,,,,,,,,,,,,,,,,,,,,,,,,,,
92 (Araranguá) - FM (92.5),Criciúma / SC,,,,,,,,,,,,,,,,,,,,,,,,,,,,,,,,,,,,,,,,,,,,,,,,,,,,,,,,,,,,,,,,,,,,,,,,,,,
Monte Carlo - FM (90.3),Criciúma / SC,,,,,,,,,,,,,,,,,,,,,,,,,,,,,,,,,,,,,,,,,,,,,,,,,,,,,,,,,,,,,,,,,,,,,,,,,,,
Som Maior - FM (100.7),Criciúma / SC,Araranguá / SC,Balneário Rincão / SC,Bom Jardim da Serra / SC,Içara / SC,Imbituba / SC,Jacinto Machado / SC,Jaguaruna / SC,Laguna / SC,Maracajá / SC,Morro da Fumaça / SC,Morro Grande / SC,Orleans / SC,Passo de Torres / SC,Sombrio / SC,Tubarão / SC,Urussanga / SC,,,,,,,,,,,,,,,,,,,,,,,,,,,,,,,,,,,,,,,,,,,,,,,,,,,,,,,,,,,
105 (Lauro Muller) - FM (105.5),Criciúma / SC,,,,,,,,,,,,,,,,,,,,,,,,,,,,,,,,,,,,,,,,,,,,,,,,,,,,,,,,,,,,,,,,,,,,,,,,,,,
Atlântida - FM (97.3),Criciúma / SC,Urussanga / SC,Turvo / SC,Tubarão / SC,Treze de Maio / SC,Treviso / SC,Timbé do Sul / SC,Sombrio / SC,Siderópolis / SC,São Ludgero / SC,Santa Rosa do Sul / SC,Sangão / SC,Pedras Grandes / SC,Orleans / SC,Nova Veneza / SC,Morro Grande / SC,Morro da Fumaça / SC,Meleiro / SC,Maracajá / SC,Lauro Müller / SC,Laguna / SC,Jaguaruna / SC,Jacinto Machado / SC,Içara / SC,Gravatal / SC,Forquilhinha / SC,Ermo / SC,Cocal do Sul / SC,Capivari de Baixo / SC,Braço do Norte / SC,Balneário Gaivota / SC,Balneário Arroio do Silva / SC,Araranguá / SC,,,,,,,,,,,,,,,,,,,,,,,,,,,,,,,,,,,,,,,,,,,
Jovem Pan News (Nova Veneza) - FM (104.3),Criciúma / SC,,,,,,,,,,,,,,,,,,,,,,,,,,,,,,,,,,,,,,,,,,,,,,,,,,,,,,,,,,,,,,,,,,,,,,,,,,,
Cidade (Urussanga) - FM (93.5),Criciúma / SC,,,,,,,,,,,,,,,,,,,,,,,,,,,,,,,,,,,,,,,,,,,,,,,,,,,,,,,,,,,,,,,,,,,,,,,,,,,
Mix (Içara) - FM (91.1),Criciúma / SC,,,,,,,,,,,,,,,,,,,,,,,,,,,,,,,,,,,,,,,,,,,,,,,,,,,,,,,,,,,,,,,,,,,,,,,,,,,
Massa (Içara) - FM (94.5),Criciúma / SC,Araranguá / SC,Armazém / SC,Balneário Arroio do Silva / SC,Balneário Rincão / SC,Bom Jardim da Serra / SC,Braço do Norte / SC,Capivari de Baixo / SC,Cocal do Sul / SC,Ermo / SC,Forquilhinha / SC,Garopaba / SC,Grão Pará / SC,Gravatal / SC,Içara / SC,Imaruí / SC,Imbituba / SC,Jacinto Machado / SC,Jaguaruna / SC,Laguna / SC,Lauro Müller / SC,Maracajá / SC,Meleiro / SC,Morro da Fumaça / SC,Morro Grande / SC,Nova Veneza / SC,Orleans / SC,Passo de Torres / SC,Praia Grande / SC,Pedras Grandes / SC,Rio Fortuna / SC,Sangão / SC,Santa Rosa do Sul / SC,São Bonifácio / SC,São João do Sul / SC,São Ludgero / SC,São Martinho / SC,Siderópolis / SC,Sombrio / SC,Timbé do Sul / SC,Treviso / SC,Treze de Maio / SC,Tubarão / SC,Turvo / SC,Urussanga / SC,,,,,,,,,,,,,,,,,,,,,,,,,,,,,,,
Eldorado Mais (Sideropolis) - FM (89.5),Criciúma / SC,Urupema / SC,Urubici / SC,São Joaquim / SC,Bom Jardim da Serra / SC,Tubarão / SC,Treze de Maio / SC,São Martinho / SC,São Ludgero / SC,Santa Rosa de Lima / SC,Sangão / SC,Rio Fortuna / SC,Pescaria Brava / SC,Pedras Grandes / SC,Laguna / SC,Jaguaruna / SC,Imbituba / SC,Imaruí / SC,Gravatal / SC,Grão Pará / SC,Capivari de Baixo / SC,Braço do Norte / SC,Armazém / SC,Turvo / SC,Timbé do Sul / SC,Sombrio / SC,São João do Sul / SC,Santa Rosa do Sul / SC,Praia Grande / SC,Passo de Torres / SC,Morro Grande / SC,Meleiro / SC,Maracajá / SC,Jacinto Machado / SC,Ermo / SC,Balneário Gaivota / SC,Balneário Rincão / SC,Balneário Arroio do Silva / SC,Araranguá / SC,Urussanga / SC,Treviso / SC,Siderópolis / SC,Orleans / SC,Nova Veneza / SC,Morro da Fumaça / SC,Lauro Müller / SC,Içara / SC,Forquilhinha / SC,Cocal do Sul / SC,,,,,,,,,,,,,,,,,,,,,,,,,,,
Jovem Pan News - FM (101.5),Criciúma / SC,,,,,,,,,,,,,,,,,,,,,,,,,,,,,,,,,,,,,,,,,,,,,,,,,,,,,,,,,,,,,,,,,,,,,,,,,,,
Morada - FM (88.9),Cunha Porã / SC,,,,,,,,,,,,,,,,,,,,,,,,,,,,,,,,,,,,,,,,,,,,,,,,,,,,,,,,,,,,,,,,,,,,,,,,,,,
Iracema - AM (1240),Cunha Porã / SC,,,,,,,,,,,,,,,,,,,,,,,,,,,,,,,,,,,,,,,,,,,,,,,,,,,,,,,,,,,,,,,,,,,,,,,,,,,
Coroado - FM (106.1),Curitibanos / SC,,,,,,,,,,,,,,,,,,,,,,,,,,,,,,,,,,,,,,,,,,,,,,,,,,,,,,,,,,,,,,,,,,,,,,,,,,,
Movimento - FM (98.9),Curitibanos / SC,,,,,,,,,,,,,,,,,,,,,,,,,,,,,,,,,,,,,,,,,,,,,,,,,,,,,,,,,,,,,,,,,,,,,,,,,,,
Progresso - FM (89.5),Descanso / SC,,,,,,,,,,,,,,,,,,,,,,,,,,,,,,,,,,,,,,,,,,,,,,,,,,,,,,,,,,,,,,,,,,,,,,,,,,,
Tri - FM (94.9),Dionísio Cerqueira / SC,,,,,,,,,,,,,,,,,,,,,,,,,,,,,,,,,,,,,,,,,,,,,,,,,,,,,,,,,,,,,,,,,,,,,,,,,,,
Portal - FM (91.1),Dionísio Cerqueira / SC,,,,,,,,,,,,,,,,,,,,,,,,,,,,,,,,,,,,,,,,,,,,,,,,,,,,,,,,,,,,,,,,,,,,,,,,,,,
Atitude - FM (87.9),Dona Emma / SC,,,,,,,,,,,,,,,,,,,,,,,,,,,,,,,,,,,,,,,,,,,,,,,,,,,,,,,,,,,,,,,,,,,,,,,,,,,
Erval - Comunitária (104.9),Erval Velho / SC,,,,,,,,,,,,,,,,,,,,,,,,,,,,,,,,,,,,,,,,,,,,,,,,,,,,,,,,,,,,,,,,,,,,,,,,,,,
Alternativa - FM (102.7),Faxinal dos Guedes / SC,,,,,,,,,,,,,,,,,,,,,,,,,,,,,,,,,,,,,,,,,,,,,,,,,,,,,,,,,,,,,,,,,,,,,,,,,,,
Mais Alegria - FM (95.1),Florianópolis / SC,São José / SC,Rancho Queimado / SC,São Pedro de Alcântara / SC,Santo Amaro da Imperatriz / SC,Águas Mornas / SC,Angelina / SC,Imbituba / SC,Garopaba / SC,Palhoça / SC,Biguaçu / SC,Tijucas / SC,Antônio Carlos / SC,Itapema / SC,Porto Belo / SC,Laguna / SC,Capivari de Baixo / SC,,,,,,,,,,,,,,,,,,,,,,,,,,,,,,,,,,,,,,,,,,,,,,,,,,,,,,,,,,,
Massa (São José) - FM (97.7),Florianópolis / SC,Águas Mornas / SC,Antônio Carlos / SC,Biguaçu / SC,Governador Celso Ramos / SC,Palhoça / SC,Santo Amaro da Imperatriz / SC,São José / SC,São Pedro de Alcântara / SC,,,,,,,,,,,,,,,,,,,,,,,,,,,,,,,,,,,,,,,,,,,,,,,,,,,,,,,,,,,,,,,,,,,
CBN - FM (90.3),Florianópolis / SC,Águas Mornas / SC,Alfredo Wagner / SC,Antônio Carlos / SC,Biguaçu / SC,Canelinha / SC,Garopaba / SC,Governador Celso Ramos / SC,Imbituba / SC,Itapema / SC,Nova Trento / SC,Palhoça / SC,Paulo Lopes / SC,Porto Belo / SC,São Bonifácio / SC,São João Batista / SC,São José / SC,Santo Amaro da Imperatriz / SC,Tijucas / SC,,,,,,,,,,,,,,,,,,,,,,,,,,,,,,,,,,,,,,,,,,,,,,,,,,,,,,,,,
Divino Oleiro - FM (105.5),Florianópolis / SC,Biguaçu / SC,Bombinhas / SC,Governador Celso Ramos / SC,Imbituba / SC,Palhoça / SC,Paulo Lopes / SC,Porto Belo / SC,São José / SC,Tijucas / SC,,,,,,,,,,,,,,,,,,,,,,,,,,,,,,,,,,,,,,,,,,,,,,,,,,,,,,,,,,,,,,,,,,
Guarujá - AM (1420),Florianópolis / SC,Tijucas / SC,Águas Mornas / SC,Alfredo Wagner / SC,Angelina / SC,Anitápolis / SC,Biguaçu / SC,Bombinhas / SC,Canelinha / SC,Garopaba / SC,Governador Celso Ramos / SC,Imaruí / SC,Laguna / SC,Leoberto Leal / SC,Major Gercino / SC,Nova Trento / SC,Palhoça / SC,Paulo Lopes / SC,Porto Belo / SC,Rancho Queimado / SC,Rio Fortuna / SC,Santa Rosa de Lima / SC,Santo Amaro da Imperatriz / SC,São Bonifácio / SC,São João Batista / SC,São José / SC,São Martinho / SC,São Pedro de Alcântara / SC,,,,,,,,,,,,,,,,,,,,,,,,,,,,,,,,,,,,,,,,,,,,,,,,
Cidade (São José) - FM (90.7),Florianópolis / SC,Águas Mornas / SC,Alfredo Wagner / SC,Angelina / SC,Anitápolis / SC,Antônio Carlos / SC,Balneário Camboriú / SC,Biguaçu / SC,Bombinhas / SC,Botuverá / SC,Camboriú / SC,Canelinha / SC,Garopaba / SC,Governador Celso Ramos / SC,Imaruí / SC,Imbituba / SC,Itapema / SC,Laguna / SC,Leoberto Leal / SC,Major Gercino / SC,Nova Trento / SC,Palhoça / SC,Porto Belo / SC,Rancho Queimado / SC,Santa Rosa de Lima / SC,Santo Amaro da Imperatriz / SC,São Bonifácio / SC,São João Batista / SC,São José / SC,Tijucas / SC,,,,,,,,,,,,,,,,,,,,,,,,,,,,,,,,,,,,,,,,,,,,,,
Jovem Pan News - FM (98.3),Florianópolis / SC,,,,,,,,,,,,,,,,,,,,,,,,,,,,,,,,,,,,,,,,,,,,,,,,,,,,,,,,,,,,,,,,,,,,,,,,,,,
Itapema - FM (93.7),Florianópolis / SC,Anitápolis / SC,Águas Mornas / SC,Angelina / SC,Biguaçu / SC,Bombinhas / SC,Canoinhas / SC,Canelinha / SC,Garopaba / SC,Governador Celso Ramos / SC,Gravatal / SC,Imbituba / SC,Itapema / SC,Leoberto Leal / SC,Major Gercino / SC,Navegantes / SC,Nova Trento / SC,Palhoça / SC,Paulo Lopes / SC,Porto Belo / SC,Rancho Queimado / SC,Santo Amaro da Imperatriz / SC,São Bonifácio / SC,São João Batista / SC,São José / SC,São Martinho / SC,São Pedro de Alcântara / SC,Tijucas / SC,,,,,,,,,,,,,,,,,,,,,,,,,,,,,,,,,,,,,,,,,,,,,,,,
Jovem Pan - FM (101.7),Florianópolis / SC,Águas Mornas / SC,Alfredo Wagner / SC,Angelina / SC,Anitápolis / SC,Antônio Carlos / SC,Biguaçu / SC,Bombinhas / SC,Brusque / SC,Canelinha / SC,Garopaba / SC,Governador Celso Ramos / SC,Imbituba / SC,Itapema / SC,Laguna / SC,Major Gercino / SC,Morro da Fumaça / SC,Nova Trento / SC,Palhoça / SC,Paulo Lopes / SC,Porto Belo / SC,Rancho Queimado / SC,Santo Amaro da Imperatriz / SC,São Bonifácio / SC,São João Batista / SC,São José / SC,São Pedro de Alcântara / SC,Balneário Camboriú / SC,Tijucas / SC,,,,,,,,,,,,,,,,,,,,,,,,,,,,,,,,,,,,,,,,,,,,,,,
Regional - FM (106.5),Florianópolis / SC,Laguna / SC,Garopaba / SC,Santo Amaro da Imperatriz / SC,Águas Mornas / SC,São Pedro de Alcântara / SC,Antônio Carlos / SC,Angelina / SC,Major Gercino / SC,Rancho Queimado / SC,Santa Rosa de Lima / SC,Anitápolis / SC,São João Batista / SC,Bom Retiro / SC,Balneário Camboriú / SC,Camboriú / SC,Itapema / SC,Porto Belo / SC,Bombinhas / SC,Canelinha / SC,Tijucas / SC,Governador Celso Ramos / SC,Biguaçu / SC,São José / SC,Palhoça / SC,Paulo Lopes / SC,Imaruí / SC,Imbituba / SC,São Bonifácio / SC,Nova Trento / SC,Botuverá / SC,Leoberto Leal / SC,Alfredo Wagner / SC,,,,,,,,,,,,,,,,,,,,,,,,,,,,,,,,,,,,,,,,,,,
Alpha - FM (91.3 ),Florianópolis / SC,Governador Celso Ramos / SC,Itapema / SC,Nova Trento / SC,Palhoça / SC,Águas Mornas / SC,Angelina / SC,Anitápolis / SC,Antônio Carlos / SC,Biguaçu / SC,Bombinhas / SC,Canelinha / SC,Garopaba / SC,Paulo Lopes / SC,Porto Belo / SC,Rancho Queimado / SC,São Bonifácio / SC,São João Batista / SC,São José / SC,São Pedro de Alcântara / SC,Santo Amaro da Imperatriz / SC,Tijucas / SC,,,,,,,,,,,,,,,,,,,,,,,,,,,,,,,,,,,,,,,,,,,,,,,,,,,,,,
Nostalgia - FM (101.3),Florianópolis / SC,Bom Retiro / SC,Alfredo Wagner / SC,Anitápolis / SC,Rancho Queimado / SC,Angelina / SC,Antônio Carlos / SC,São Pedro de Alcântara / SC,Santo Amaro da Imperatriz / SC,Águas Mornas / SC,São Bonifácio / SC,Paulo Lopes / SC,Palhoça / SC,São José / SC,Biguaçu / SC,,,,,,,,,,,,,,,,,,,,,,,,,,,,,,,,,,,,,,,,,,,,,,,,,,,,,,,,,,,,,
Antena 1 - FM (92.1),Florianópolis / SC,Águas Mornas / SC,Alfredo Wagner / SC,Angelina / SC,Anitápolis / SC,Antônio Carlos / SC,Balneário Camboriú / SC,Biguaçu / SC,Bom Retiro / SC,Bombinhas / SC,Brusque / SC,Canelinha / SC,Garopaba / SC,Governador Celso Ramos / SC,Imaruí / SC,Imbituba / SC,Itapema / SC,Laguna / SC,Major Gercino / SC,Navegantes / SC,Nova Trento / SC,Palhoça / SC,Paulo Lopes / SC,Porto Belo / SC,Rancho Queimado / SC,Rio Fortuna / SC,Santa Rosa de Lima / SC,Santo Amaro da Imperatriz / SC,São Bonifácio / SC,São João Batista / SC,São Martinho / SC,São Pedro de Alcântara / SC,Tijucas / SC,,,,,,,,,,,,,,,,,,,,,,,,,,,,,,,,,,,,,,,,,,,
Atlântida - FM (100.9),Florianópolis / SC,Águas Mornas / SC,Angelina / SC,Anitápolis / SC,Antônio Carlos / SC,Biguaçu / SC,Bombinhas / SC,Canelinha / SC,Garopaba / SC,Governador Celso Ramos / SC,Imbituba / SC,Itapema / SC,Leoberto Leal / SC,Major Gercino / SC,Navegantes / SC,Nova Trento / SC,Palhoça / SC,Paulo Lopes / SC,Porto Belo / SC,Rancho Queimado / SC,Santo Amaro da Imperatriz / SC,São Bonifácio / SC,São João Batista / SC,São José / SC,São Martinho / SC,São Pedro de Alcântara / SC,Tijucas / SC,,,,,,,,,,,,,,,,,,,,,,,,,,,,,,,,,,,,,,,,,,,,,,,,,
Magia (São José) - FM (107.3),Florianópolis / SC,Laguna / SC,Imaruí / SC,Imbituba / SC,Garopaba / SC,Paulo Lopes / SC,São Bonifácio / SC,Santa Rosa de Lima / SC,Palhoça / SC,Santo Amaro da Imperatriz / SC,Águas Mornas / SC,Rancho Queimado / SC,Alfredo Wagner / SC,São José / SC,São Pedro de Alcântara / SC,Angelina / SC,Leoberto Leal / SC,Antônio Carlos / SC,Governador Celso Ramos / SC,Biguaçu / SC,Major Gercino / SC,Nova Trento / SC,São João Batista / SC,Canelinha / SC,Tijucas / SC,Bombinhas / SC,Porto Belo / SC,Itapema / SC,Camboriú / SC,Balneário Camboriú / SC,,,,,,,,,,,,,,,,,,,,,,,,,,,,,,,,,,,,,,,,,,,,,,
Novo Tempo (São José) - FM (96.9),Florianópolis / SC,,,,,,,,,,,,,,,,,,,,,,,,,,,,,,,,,,,,,,,,,,,,,,,,,,,,,,,,,,,,,,,,,,,,,,,,,,,
Band - FM (96.1),Florianópolis / SC,Águas Mornas / SC,Alfredo Wagner / SC,Angelina / SC,Anitápolis / SC,Antônio Carlos / SC,Balneário Camboriú / SC,Biguaçu / SC,Bombinhas / SC,Botuverá / SC,Camboriú / SC,Canelinha / SC,Garopaba / SC,Governador Celso Ramos / SC,Imaruí / SC,Imbituba / SC,Itapema / SC,Laguna / SC,Leoberto Leal / SC,Major Gercino / SC,Nova Trento / SC,Palhoça / SC,Paulo Lopes / SC,Porto Belo / SC,Presidente Nereu / SC,Rancho Queimado / SC,Santa Rosa de Lima / SC,Santo Amaro da Imperatriz / SC,São Bonifácio / SC,São João Batista / SC,São José / SC,São Pedro de Alcântara / SC,Tijucas / SC,Vidal Ramos / SC,,,,,,,,,,,,,,,,,,,,,,,,,,,,,,,,,,,,,,,,,,
Rede Aleluia (São José) - FM (99.3),Florianópolis / SC,,,,,,,,,,,,,,,,,,,,,,,,,,,,,,,,,,,,,,,,,,,,,,,,,,,,,,,,,,,,,,,,,,,,,,,,,,,
Onda Jovem - FM (107.5),Forquilhinha / SC,,,,,,,,,,,,,,,,,,,,,,,,,,,,,,,,,,,,,,,,,,,,,,,,,,,,,,,,,,,,,,,,,,,,,,,,,,,
Fraiburgo - FM (95.1),Fraiburgo / SC,,,,,,,,,,,,,,,,,,,,,,,,,,,,,,,,,,,,,,,,,,,,,,,,,,,,,,,,,,,,,,,,,,,,,,,,,,,
Garopaba - Comunitária (98.3),Garopaba / SC,,,,,,,,,,,,,,,,,,,,,,,,,,,,,,,,,,,,,,,,,,,,,,,,,,,,,,,,,,,,,,,,,,,,,,,,,,,
Garopaba - FM (94.7),Garopaba / SC,Imbituba / SC,Paulo Lopes / SC,Imaruí / SC,Palhoça / SC,São José / SC,Florianópolis / SC,,,,,,,,,,,,,,,,,,,,,,,,,,,,,,,,,,,,,,,,,,,,,,,,,,,,,,,,,,,,,,,,,,,,,
Máxima Hits - FM (96.7),Garuva / SC,,,,,,,,,,,,,,,,,,,,,,,,,,,,,,,,,,,,,,,,,,,,,,,,,,,,,,,,,,,,,,,,,,,,,,,,,,,
89 - FM (89.7),Gaspar / SC,Jaraguá do Sul / SC,Rio dos Cedros / SC,Pomerode / SC,Benedito Novo / SC,Timbó / SC,Indaial / SC,Guaramirim / SC,Massaranduba / SC,Navegantes / SC,Ilhota / SC,Ascurra / SC,Apiúna / SC,Guabiruba / SC,Botuverá / SC,Itajaí / SC,Blumenau / SC,Brusque / SC,,,,,,,,,,,,,,,,,,,,,,,,,,,,,,,,,,,,,,,,,,,,,,,,,,,,,,,,,,
Sentinela do Vale - FM (97.9),Gaspar / SC,Blumenau / SC,Ilhota / SC,Brusque / SC,Indaial / SC,Itajaí / SC,Penha / SC,,,,,,,,,,,,,,,,,,,,,,,,,,,,,,,,,,,,,,,,,,,,,,,,,,,,,,,,,,,,,,,,,,,,,
Raio De Luz - FM (100.5),Guaraciaba / SC,,,,,,,,,,,,,,,,,,,,,,,,,,,,,,,,,,,,,,,,,,,,,,,,,,,,,,,,,,,,,,,,,,,,,,,,,,,
Líder - FM (107.5),Herval d'Oeste / SC,,,,,,,,,,,,,,,,,,,,,,,,,,,,,,,,,,,,,,,,,,,,,,,,,,,,,,,,,,,,,,,,,,,,,,,,,,,
Belos Vales - FM (89.9),Ibirama / SC,Lontras / SC,Presidente Getúlio / SC,Indaial / SC,Ascurra / SC,Timbó / SC,,,,,,,,,,,,,,,,,,,,,,,,,,,,,,,,,,,,,,,,,,,,,,,,,,,,,,,,,,,,,,,,,,,,,,
Litoral - FM (90.9),Imaruí / SC,,,,,,,,,,,,,,,,,,,,,,,,,,,,,,,,,,,,,,,,,,,,,,,,,,,,,,,,,,,,,,,,,,,,,,,,,,,
Difusora - FM (100.3),Imbituba / SC,,,,,,,,,,,,,,,,,,,,,,,,,,,,,,,,,,,,,,,,,,,,,,,,,,,,,,,,,,,,,,,,,,,,,,,,,,,
89 - FM (89.3),Imbituba / SC,Laguna / SC,Tubarão / SC,Criciúma / SC,Jaguaruna / SC,Imaruí / SC,Braço do Norte / SC,Pescaria Brava / SC,Garopaba / SC,Paulo Lopes / SC,Palhoça / SC,São José / SC,Florianópolis / SC,,,,,,,,,,,,,,,,,,,,,,,,,,,,,,,,,,,,,,,,,,,,,,,,,,,,,,,,,,,,,,,
Clube - FM (101.1),Indaial / SC,,,,,,,,,,,,,,,,,,,,,,,,,,,,,,,,,,,,,,,,,,,,,,,,,,,,,,,,,,,,,,,,,,,,,,,,,,,
Nova - FM (103.9),Indaial / SC,Agrolândia / SC,Alfredo Wagner / SC,Apiúna / SC,Ascurra / SC,Massaranduba / SC,Navegantes / SC,Balneário Piçarras / SC,Penha / SC,Pomerode / SC,Presidente Getúlio / SC,Presidente Nereu / SC,Timbó / SC,Rodeio / SC,Braço do Trombudo / SC,Trombudo Central / SC,Brusque / SC,Balneário Camboriú / SC,Camboriú / SC,Botuverá / SC,Blumenau / SC,Aurora / SC,Lontras / SC,Laurentino / SC,Itajaí / SC,Witmarsum / SC,Gaspar / SC,Guabiruba / SC,Ibirama / SC,Ilhota / SC,Imbuia / SC,Ituporanga / SC,Doutor Pedrinho / SC,Dona Emma / SC,José Boiteux / SC,Barra Velha / SC,Rio do Sul / SC,Vidal Ramos / SC,Rio do Oeste / SC,Vitor Meireles / SC,Jaraguá do Sul / SC,Benedito Novo / SC,Rio dos Cedros / SC,,,,,,,,,,,,,,,,,,,,,,,,,,,,,,,,,
Oeste - FM (94.5),Iporã do Oeste / SC,,,,,,,,,,,,,,,,,,,,,,,,,,,,,,,,,,,,,,,,,,,,,,,,,,,,,,,,,,,,,,,,,,,,,,,,,,,
Voz do Contestado - Comunitária (104.9),Irani / SC,,,,,,,,,,,,,,,,,,,,,,,,,,,,,,,,,,,,,,,,,,,,,,,,,,,,,,,,,,,,,,,,,,,,,,,,,,,
Planalto - FM (105.9),Irineópolis / SC,Porto União / SC,Três Barras / SC,Canoinhas / SC,Bela Vista do Toldo / SC,Matos Costa / SC,Calmon / SC,Caçador / SC,Timbó Grande / SC,Monte Castelo / SC,Major Vieira / SC,,,,,,,,,,,,,,,,,,,,,,,,,,,,,,,,,,,,,,,,,,,,,,,,,,,,,,,,,,,,,,,,,
Studio - Comunitária (104.9),Itá / SC,,,,,,,,,,,,,,,,,,,,,,,,,,,,,,,,,,,,,,,,,,,,,,,,,,,,,,,,,,,,,,,,,,,,,,,,,,,
Demais - FM (101.1),Itaiópolis / SC,,,,,,,,,,,,,,,,,,,,,,,,,,,,,,,,,,,,,,,,,,,,,,,,,,,,,,,,,,,,,,,,,,,,,,,,,,,
Nova Sintonia - FM (95.7),Itaiópolis / SC,,,,,,,,,,,,,,,,,,,,,,,,,,,,,,,,,,,,,,,,,,,,,,,,,,,,,,,,,,,,,,,,,,,,,,,,,,,
Rede Clube Litoral Norte - FM (102.1),Itajaí / SC,Ilhota / SC,Itapema / SC,Luiz Alves / SC,Navegantes / SC,Penha / SC,Balneário Piçarras / SC,Balneário Camboriú / SC,Barra Velha / SC,Brusque / SC,Camboriú / SC,Gaspar / SC,Porto Belo / SC,Tijucas / SC,,,,,,,,,,,,,,,,,,,,,,,,,,,,,,,,,,,,,,,,,,,,,,,,,,,,,,,,,,,,,,
Bandeirantes - AM (1350),Itajaí / SC,,,,,,,,,,,,,,,,,,,,,,,,,,,,,,,,,,,,,,,,,,,,,,,,,,,,,,,,,,,,,,,,,,,,,,,,,,,
106 - FM (106.7),Itajaí / SC,,,,,,,,,,,,,,,,,,,,,,,,,,,,,,,,,,,,,,,,,,,,,,,,,,,,,,,,,,,,,,,,,,,,,,,,,,,
Jovem Pan - FM (94.1),Itajaí / SC,,,,,,,,,,,,,,,,,,,,,,,,,,,,,,,,,,,,,,,,,,,,,,,,,,,,,,,,,,,,,,,,,,,,,,,,,,,
Cidade (Navegantes) - FM (91.7),Itajaí / SC,,,,,,,,,,,,,,,,,,,,,,,,,,,,,,,,,,,,,,,,,,,,,,,,,,,,,,,,,,,,,,,,,,,,,,,,,,,
Univali - FM (94.9),Itajaí / SC,,,,,,,,,,,,,,,,,,,,,,,,,,,,,,,,,,,,,,,,,,,,,,,,,,,,,,,,,,,,,,,,,,,,,,,,,,,
Nativa (Litoral) - FM (93.5),Itajaí / SC,,,,,,,,,,,,,,,,,,,,,,,,,,,,,,,,,,,,,,,,,,,,,,,,,,,,,,,,,,,,,,,,,,,,,,,,,,,
Band - FM (92.9),Itajaí / SC,Penha / SC,Navegantes / SC,Balneário Piçarras / SC,Balneário Camboriú / SC,Camboriú / SC,Barra Velha / SC,Ilhota / SC,Luiz Alves / SC,Gaspar / SC,Brusque / SC,Itapema / SC,Porto Belo / SC,Bombinhas / SC,,,,,,,,,,,,,,,,,,,,,,,,,,,,,,,,,,,,,,,,,,,,,,,,,,,,,,,,,,,,,,
Cidade - FM (104.1),Itapema / SC,Balneário Camboriú / SC,Bombinhas / SC,Camboriú / SC,Canelinha / SC,Governador Celso Ramos / SC,Itajaí / SC,Navegantes / SC,Porto Belo / SC,São João Batista / SC,Tijucas / SC,,,,,,,,,,,,,,,,,,,,,,,,,,,,,,,,,,,,,,,,,,,,,,,,,,,,,,,,,,,,,,,,,
Rede Aleluia - FM (95.5),Itapema / SC,,,,,,,,,,,,,,,,,,,,,,,,,,,,,,,,,,,,,,,,,,,,,,,,,,,,,,,,,,,,,,,,,,,,,,,,,,,
Onda Positiva - Comunitária (87.5),Itapiranga / SC,,,,,,,,,,,,,,,,,,,,,,,,,,,,,,,,,,,,,,,,,,,,,,,,,,,,,,,,,,,,,,,,,,,,,,,,,,,
Itapiranga - FM (105.1),Itapiranga / SC,,,,,,,,,,,,,,,,,,,,,,,,,,,,,,,,,,,,,,,,,,,,,,,,,,,,,,,,,,,,,,,,,,,,,,,,,,,
Rede Aleluia - FM (93.1),Itapoá / SC,,,,,,,,,,,,,,,,,,,,,,,,,,,,,,,,,,,,,,,,,,,,,,,,,,,,,,,,,,,,,,,,,,,,,,,,,,,
Sintonia - FM (94.7),Ituporanga / SC,,,,,,,,,,,,,,,,,,,,,,,,,,,,,,,,,,,,,,,,,,,,,,,,,,,,,,,,,,,,,,,,,,,,,,,,,,,
Massa - FM (92.3),Ituporanga / SC,,,,,,,,,,,,,,,,,,,,,,,,,,,,,,,,,,,,,,,,,,,,,,,,,,,,,,,,,,,,,,,,,,,,,,,,,,,
Integração - FM (91.7),Jacinto Machado / SC,,,,,,,,,,,,,,,,,,,,,,,,,,,,,,,,,,,,,,,,,,,,,,,,,,,,,,,,,,,,,,,,,,,,,,,,,,,
H2O FM - FM (106.9),Jaguaruna / SC,Araranguá / SC,Braço do Norte / SC,Capivari de Baixo / SC,Criciúma / SC,Cocal do Sul / SC,Forquilhinha / SC,Garopaba / SC,Içara / SC,Imaruí / SC,Imbituba / SC,Laguna / SC,Maracajá / SC,Morro da Fumaça / SC,Orleans / SC,Passo de Torres / SC,Pedras Grandes / SC,Sangão / SC,Siderópolis / SC,Sombrio / SC,Treze de Maio / SC,Tubarão / SC,Urussanga / SC,,,,,,,,,,,,,,,,,,,,,,,,,,,,,,,,,,,,,,,,,,,,,,,,,,,,,
Sambaqui - Comunitária (87.9),Jaguaruna / SC,,,,,,,,,,,,,,,,,,,,,,,,,,,,,,,,,,,,,,,,,,,,,,,,,,,,,,,,,,,,,,,,,,,,,,,,,,,
Alternativa - FM (87.9),Jaraguá do Sul / SC,,,,,,,,,,,,,,,,,,,,,,,,,,,,,,,,,,,,,,,,,,,,,,,,,,,,,,,,,,,,,,,,,,,,,,,,,,,
RBN - FM (94.3),Jaraguá do Sul / SC,,,,,,,,,,,,,,,,,,,,,,,,,,,,,,,,,,,,,,,,,,,,,,,,,,,,,,,,,,,,,,,,,,,,,,,,,,,
105 (Guaramirim) - FM (105.7),Jaraguá do Sul / SC,Joinville / SC,Blumenau / SC,Guaramirim / SC,Schroeder / SC,Massaranduba / SC,Corupá / SC,Barra Velha / SC,Balneário Piçarras / SC,São Francisco do Sul / SC,Pomerode / SC,,,,,,,,,,,,,,,,,,,,,,,,,,,,,,,,,,,,,,,,,,,,,,,,,,,,,,,,,,,,,,,,,
Jovem Pan (Massaranduba) - FM (101.9),Jaraguá do Sul / SC,Joinville / SC,Blumenau / SC,Guaramirim / SC,Schroeder / SC,Corupá / SC,Massaranduba / SC,Araquari / SC,Luiz Alves / SC,Pomerode / SC,Campo Alegre / SC,São João do Itaperiú / SC,,,,,,,,,,,,,,,,,,,,,,,,,,,,,,,,,,,,,,,,,,,,,,,,,,,,,,,,,,,,,,,,
Jaraguá - FM (101.3),Jaraguá do Sul / SC,,,,,,,,,,,,,,,,,,,,,,,,,,,,,,,,,,,,,,,,,,,,,,,,,,,,,,,,,,,,,,,,,,,,,,,,,,,
Studio - FM (99.1),Jaraguá do Sul / SC,Porto Belo / SC,Bombinhas / SC,Itapema / SC,Camboriú / SC,Balneário Camboriú / SC,Itajaí / SC,Navegantes / SC,Balneário Piçarras / SC,Barra Velha / SC,Balneário Barra do Sul / SC,Araquari / SC,São Francisco do Sul / SC,Itapoá / SC,Guaratuba / PRMatinhos / PRTijucas do Sul / PRRio Negro / PRLapa / PRMafra / SC,Rio Negrinho / SC,Corupá / SC,Itaiópolis / SC,Timbó / SC,Biguaçu / SC,Curitibanos / SC,Indaial / SC,Nova Trento / SC,Brusque / SC,Tijucas / SC,São Bento do Sul / SC,Benedito Novo / SC,Pomerode / SC,Massaranduba / SC,Taió / SC,Blumenau / SC,Joinville / SC,Salete / SC,Schroeder / SC,Campo Alegre / SC,Ituporanga / SC,Presidente Nereu / SC,Rio do Sul / SC,,,,,,,,,,,,,,,,,,,,,,,,,,,,,,,,,,,,,,
Jovem Pan News - FM (106.1),Jaraguá do Sul / SC,,,,,,,,,,,,,,,,,,,,,,,,,,,,,,,,,,,,,,,,,,,,,,,,,,,,,,,,,,,,,,,,,,,,,,,,,,,
Catarinense - FM (97.3),Joaçaba / SC,Abdon Batista / SC,Anita Garibaldi / SC,Catanduvas / SC,Curitibanos / SC,Faxinal dos Guedes / SC,Iomerê / SC,Jaborá / SC,Ouro / SC,Peritiba / SC,Ponte Serrada / SC,Salto Veloso / SC,Treze Tílias / SC,Xavantina / SC,Herval d'Oeste / SC,Água Doce / SC,Arabutã / SC,Brunópolis / SC,Campos Novos / SC,Celso Ramos / SC,Fraiburgo / SC,Ibiam / SC,Ipira / SC,Lacerdópolis / SC,Pinheiro Preto / SC,Vargeão / SC,Videira / SC,Zortéa / SC,Luzerna / SC,Alto Bela Vista / SC,Arroio Trinta / SC,Caçador / SC,Capinzal / SC,Concórdia / SC,Erval Velho / SC,Frei Rogério / SC,Ibicaré / SC,Irani / SC,Monte Carlo / SC,Piratuba / SC,Rio das Antas / SC,Tangará / SC,Vargem Bonita / SC,Xanxerê / SC,,,,,,,,,,,,,,,,,,,,,,,,,,,,,,,,
Antena - FM (100.5),Joaçaba / SC,,,,,,,,,,,,,,,,,,,,,,,,,,,,,,,,,,,,,,,,,,,,,,,,,,,,,,,,,,,,,,,,,,,,,,,,,,,
Band - FM (92.3),Joaçaba / SC,,,,,,,,,,,,,,,,,,,,,,,,,,,,,,,,,,,,,,,,,,,,,,,,,,,,,,,,,,,,,,,,,,,,,,,,,,,
Jovem Pan (Herval D Oeste) - FM (103.9),Joaçaba / SC,,,,,,,,,,,,,,,,,,,,,,,,,,,,,,,,,,,,,,,,,,,,,,,,,,,,,,,,,,,,,,,,,,,,,,,,,,,
Massa - FM (106.9),Joinville / SC,,,,,,,,,,,,,,,,,,,,,,,,,,,,,,,,,,,,,,,,,,,,,,,,,,,,,,,,,,,,,,,,,,,,,,,,,,,
Nação - FM (95.7),Joinville / SC,São Francisco do Sul / SC,Balneário Barra do Sul / SC,Garuva / SC,Araquari / SC,Itapoá / SC,Guaramirim / SC,Barra Velha / SC,,,,,,,,,,,,,,,,,,,,,,,,,,,,,,,,,,,,,,,,,,,,,,,,,,,,,,,,,,,,,,,,,,,,
Pirabeiraba - Comunitária (87.9),Joinville / SC,,,,,,,,,,,,,,,,,,,,,,,,,,,,,,,,,,,,,,,,,,,,,,,,,,,,,,,,,,,,,,,,,,,,,,,,,,,
NDFM - FM (100.7),Joinville / SC,,,,,,,,,,,,,,,,,,,,,,,,,,,,,,,,,,,,,,,,,,,,,,,,,,,,,,,,,,,,,,,,,,,,,,,,,,,
Colon - FM (90.3),Joinville / SC,,,,,,,,,,,,,,,,,,,,,,,,,,,,,,,,,,,,,,,,,,,,,,,,,,,,,,,,,,,,,,,,,,,,,,,,,,,
Arca da Aliança - FM (93.9),Joinville / SC,,,,,,,,,,,,,,,,,,,,,,,,,,,,,,,,,,,,,,,,,,,,,,,,,,,,,,,,,,,,,,,,,,,,,,,,,,,
Atlântida - FM (104.3),Joinville / SC,Schroeder / SC,São João do Itaperiú / SC,São Francisco do Sul / SC,São Bento do Sul / SC,Balneário Piçarras / SC,Penha / SC,Massaranduba / SC,Luiz Alves / SC,Jaraguá do Sul / SC,Itapoá / SC,Guaramirim / SC,Garuva / SC,Corupá / SC,Campo Alegre / SC,Barra Velha / SC,Balneário Barra do Sul / SC,Araquari / SC,,,,,,,,,,,,,,,,,,,,,,,,,,,,,,,,,,,,,,,,,,,,,,,,,,,,,,,,,,
89 - FM (89.5),Joinville / SC,,,,,,,,,,,,,,,,,,,,,,,,,,,,,,,,,,,,,,,,,,,,,,,,,,,,,,,,,,,,,,,,,,,,,,,,,,,
107.5 - FM (107.5),Joinville / SC,,,,,,,,,,,,,,,,,,,,,,,,,,,,,,,,,,,,,,,,,,,,,,,,,,,,,,,,,,,,,,,,,,,,,,,,,,,
Nativa - FM (103.1),Joinville / SC,,,,,,,,,,,,,,,,,,,,,,,,,,,,,,,,,,,,,,,,,,,,,,,,,,,,,,,,,,,,,,,,,,,,,,,,,,,
CBN - FM (95.3),Joinville / SC,Araquari / SC,Balneário Barra do Sul / SC,Barra Velha / SC,Campo Alegre / SC,Corupá / SC,Garuva / SC,Guaramirim / SC,Itapoá / SC,Jaraguá do Sul / SC,Luiz Alves / SC,Massaranduba / SC,Penha / SC,Balneário Piçarras / SC,São Bento do Sul / SC,São Francisco do Sul / SC,São João do Itaperiú / SC,Schroeder / SC,,,,,,,,,,,,,,,,,,,,,,,,,,,,,,,,,,,,,,,,,,,,,,,,,,,,,,,,,,
Jovem Pan - FM (91.1),Joinville / SC,,,,,,,,,,,,,,,,,,,,,,,,,,,,,,,,,,,,,,,,,,,,,,,,,,,,,,,,,,,,,,,,,,,,,,,,,,,
Classic Pan - FM (88.3),Joinville / SC,,,,,,,,,,,,,,,,,,,,,,,,,,,,,,,,,,,,,,,,,,,,,,,,,,,,,,,,,,,,,,,,,,,,,,,,,,,
Clube - FM (98.3),Lages / SC,São José do Cerrito / SC,Painel / SC,Bocaina do Sul / SC,Anita Garibaldi / SC,Campo Belo do Sul / SC,Capão Alto / SC,Cerro Negro / SC,Otacílio Costa / SC,Palmeira / SC,Ponte Alta / SC,Santa Cecília / SC,São Cristóvão do Sul / SC,São Joaquim / SC,,,,,,,,,,,,,,,,,,,,,,,,,,,,,,,,,,,,,,,,,,,,,,,,,,,,,,,,,,,,,,
Jovem Pan - FM (89.9),Lages / SC,,,,,,,,,,,,,,,,,,,,,,,,,,,,,,,,,,,,,,,,,,,,,,,,,,,,,,,,,,,,,,,,,,,,,,,,,,,
Princesa - FM (103.1),Lages / SC,,,,,,,,,,,,,,,,,,,,,,,,,,,,,,,,,,,,,,,,,,,,,,,,,,,,,,,,,,,,,,,,,,,,,,,,,,,
Band - FM (94.3),Lages / SC,,,,,,,,,,,,,,,,,,,,,,,,,,,,,,,,,,,,,,,,,,,,,,,,,,,,,,,,,,,,,,,,,,,,,,,,,,,
101 - FM (101.9),Lages / SC,,,,,,,,,,,,,,,,,,,,,,,,,,,,,,,,,,,,,,,,,,,,,,,,,,,,,,,,,,,,,,,,,,,,,,,,,,,
Massa - FM (92.1),Lages / SC,Anita Garibaldi / SC,Bocaina do Sul / SC,Caçador / SC,Campo Belo do Sul / SC,Campos Novos / SC,Capão Alto / SC,Correia Pinto / SC,Curitibanos / SC,Otacílio Costa / SC,Painel / SC,Palmeira / SC,Ponte Alta / SC,Ponte Alta do Norte / SC,Rio Rufino / SC,Santa Cecília / SC,São Cristóvão do Sul / SC,São Joaquim / SC,São José do Cerrito / SC,Urubici / SC,Urupema / SC,Vargem Bonita / SC,,,,,,,,,,,,,,,,,,,,,,,,,,,,,,,,,,,,,,,,,,,,,,,,,,,,,,
Antena 1 - FM (95.7),Lages / SC,,,,,,,,,,,,,,,,,,,,,,,,,,,,,,,,,,,,,,,,,,,,,,,,,,,,,,,,,,,,,,,,,,,,,,,,,,,
Difusora - FM (91.5),Laguna / SC,,,,,,,,,,,,,,,,,,,,,,,,,,,,,,,,,,,,,,,,,,,,,,,,,,,,,,,,,,,,,,,,,,,,,,,,,,,
Mix - FM (103.1),Laguna / SC,,,,,,,,,,,,,,,,,,,,,,,,,,,,,,,,,,,,,,,,,,,,,,,,,,,,,,,,,,,,,,,,,,,,,,,,,,,
Cruz De Malta - FM (89.9),Lauro Müller / SC,,,,,,,,,,,,,,,,,,,,,,,,,,,,,,,,,,,,,,,,,,,,,,,,,,,,,,,,,,,,,,,,,,,,,,,,,,,
Princesa do Vale - Comunitária (87.9),Lindóia do Sul / SC,,,,,,,,,,,,,,,,,,,,,,,,,,,,,,,,,,,,,,,,,,,,,,,,,,,,,,,,,,,,,,,,,,,,,,,,,,,
Lontras - Comunitária (104.9),Lontras / SC,,,,,,,,,,,,,,,,,,,,,,,,,,,,,,,,,,,,,,,,,,,,,,,,,,,,,,,,,,,,,,,,,,,,,,,,,,,
Nova Era - FM (104.5),Mafra / SC,,,,,,,,,,,,,,,,,,,,,,,,,,,,,,,,,,,,,,,,,,,,,,,,,,,,,,,,,,,,,,,,,,,,,,,,,,,
Cidadania - Comunitária (87.9),Mafra / SC,Itaiópolis / SC,Papanduva / SC,Monte Castelo / SC,Rio Negrinho / SC,São Bento do Sul / SC,Canoinhas / SC,,,,,,,,,,,,,,,,,,,,,,,,,,,,,,,,,,,,,,,,,,,,,,,,,,,,,,,,,,,,,,,,,,,,,
São José - FM (96.9),Mafra / SC,,,,,,,,,,,,,,,,,,,,,,,,,,,,,,,,,,,,,,,,,,,,,,,,,,,,,,,,,,,,,,,,,,,,,,,,,,,
Planalto - FM (95.5),Major Vieira / SC,,,,,,,,,,,,,,,,,,,,,,,,,,,,,,,,,,,,,,,,,,,,,,,,,,,,,,,,,,,,,,,,,,,,,,,,,,,
Alternativa - Comunitária (87.9),Maravilha / SC,,,,,,,,,,,,,,,,,,,,,,,,,,,,,,,,,,,,,,,,,,,,,,,,,,,,,,,,,,,,,,,,,,,,,,,,,,,
Difusora - FM (90.3),Maravilha / SC,,,,,,,,,,,,,,,,,,,,,,,,,,,,,,,,,,,,,,,,,,,,,,,,,,,,,,,,,,,,,,,,,,,,,,,,,,,
Líder - FM (92.3),Maravilha / SC,,,,,,,,,,,,,,,,,,,,,,,,,,,,,,,,,,,,,,,,,,,,,,,,,,,,,,,,,,,,,,,,,,,,,,,,,,,
Espaço Aberto - Comunitária (98.5),Massaranduba / SC,,,,,,,,,,,,,,,,,,,,,,,,,,,,,,,,,,,,,,,,,,,,,,,,,,,,,,,,,,,,,,,,,,,,,,,,,,,
Modelo - FM (91.5),Modelo / SC,,,,,,,,,,,,,,,,,,,,,,,,,,,,,,,,,,,,,,,,,,,,,,,,,,,,,,,,,,,,,,,,,,,,,,,,,,,
Porto Feliz - FM (99.5),Mondaí / SC,,,,,,,,,,,,,,,,,,,,,,,,,,,,,,,,,,,,,,,,,,,,,,,,,,,,,,,,,,,,,,,,,,,,,,,,,,,
Interativa - Comunitária (98.7),Nova Erechim / SC,,,,,,,,,,,,,,,,,,,,,,,,,,,,,,,,,,,,,,,,,,,,,,,,,,,,,,,,,,,,,,,,,,,,,,,,,,,
Veneza - Comunitária (87.9),Nova Veneza / SC,,,,,,,,,,,,,,,,,,,,,,,,,,,,,,,,,,,,,,,,,,,,,,,,,,,,,,,,,,,,,,,,,,,,,,,,,,,
Luz E Vida - FM (106.3),Orleans / SC,,,,,,,,,,,,,,,,,,,,,,,,,,,,,,,,,,,,,,,,,,,,,,,,,,,,,,,,,,,,,,,,,,,,,,,,,,,
Guarujá - FM (92.9),Orleans / SC,,,,,,,,,,,,,,,,,,,,,,,,,,,,,,,,,,,,,,,,,,,,,,,,,,,,,,,,,,,,,,,,,,,,,,,,,,,
Cidade - Comunitária (87.9),Otacílio Costa / SC,,,,,,,,,,,,,,,,,,,,,,,,,,,,,,,,,,,,,,,,,,,,,,,,,,,,,,,,,,,,,,,,,,,,,,,,,,,
Palmeira - Comunitária (105.9),Palma Sola / SC,,,,,,,,,,,,,,,,,,,,,,,,,,,,,,,,,,,,,,,,,,,,,,,,,,,,,,,,,,,,,,,,,,,,,,,,,,,
101.5 - FM (101.5),Palmitos / SC,Guaraciaba / SC,São Miguel do Oeste / SC,Descanso / SC,Iporã do Oeste / SC,São João do Oeste / SC,Itapiranga / SC,Mondaí / SC,São Carlos / SC,Cunha Porã / SC,Maravilha / SC,Pinhalzinho / SC,Santiago do Sul / SC,Quilombo / SC,Coronel Freitas / SC,Xanxerê / SC,Xaxim / SC,Chapecó / SC,Guatambú / SC,,,,,,,,,,,,,,,,,,,,,,,,,,,,,,,,,,,,,,,,,,,,,,,,,,,,,,,,,
Entre Rios - FM (105.5),Palmitos / SC,Chapecó / SC,Riqueza / SC,Mondaí / SC,Planalto Alegre / SC,São Carlos / SC,Caibi / SC,Águas de Chapecó / SC,Caxambu do Sul / SC,Guatambú / SC,Cunhataí / SC,Cunha Porã / SC,Maravilha / SC,,,,,,,,,,,,,,,,,,,,,,,,,,,,,,,,,,,,,,,,,,,,,,,,,,,,,,,,,,,,,,,
Super - FM (89.1),Papanduva / SC,Mafra / SC,Itaiópolis / SC,Canoinhas / SC,Santa Terezinha / SC,Três Barras / SC,Monte Castelo / SC,Major Vieira / SC,Irineópolis / SC,,,,,,,,,,,,,,,,,,,,,,,,,,,,,,,,,,,,,,,,,,,,,,,,,,,,,,,,,,,,,,,,,,,
A Nossa Rádio - FM (100.7),Passos Maia / SC,Abelardo Luz / SC,Ouro Verde / SC,Santiago do Sul / SC,Quilombo / SC,Coronel Freitas / SC,Guatambú / SC,Chapecó / SC,Seara / SC,Peritiba / SC,Capinzal / SC,Concórdia / SC,Ipumirim / SC,Ponte Serrada / SC,Vargem Bonita / SC,Catanduvas / SC,Luzerna / SC,Joaçaba / SC,Treze Tílias / SC,Itá / SC,,,,,,,,,,,,,,,,,,,,,,,,,,,,,,,,,,,,,,,,,,,,,,,,,,,,,,,,
Nova - FM (103.1),Pinhalzinho / SC,Cordilheira Alta / SC,Jardinópolis / SC,Nova Itaberaba / SC,Modelo / SC,Cunha Porã / SC,São Lourenço do Oeste / SC,Campo Erê / SC,Saltinho / SC,Nova Erechim / SC,Saudades / SC,Serra Alta / SC,Maravilha / SC,Águas Frias / SC,Faxinal dos Guedes / SC,Santa Terezinha do Progresso / SC,Iraceminha / SC,Quilombo / SC,União do Oeste / SC,Irati / SC,Cunhataí / SC,São Carlos / SC,Chapecó / SC,Xaxim / SC,Xanxerê / SC,Bom Jesus do Oeste / SC,,,,,,,,,,,,,,,,,,,,,,,,,,,,,,,,,,,,,,,,,,,,,,,,,,
Centro Oeste - FM (100.9),Pinhalzinho / SC,,,,,,,,,,,,,,,,,,,,,,,,,,,,,,,,,,,,,,,,,,,,,,,,,,,,,,,,,,,,,,,,,,,,,,,,,,,
Alternativa - Comunitária (104.9),Pinhalzinho / SC,,,,,,,,,,,,,,,,,,,,,,,,,,,,,,,,,,,,,,,,,,,,,,,,,,,,,,,,,,,,,,,,,,,,,,,,,,,
104 - FM (104.9),Pomerode / SC,,,,,,,,,,,,,,,,,,,,,,,,,,,,,,,,,,,,,,,,,,,,,,,,,,,,,,,,,,,,,,,,,,,,,,,,,,,
Pomerode - FM (95.1),Pomerode / SC,,,,,,,,,,,,,,,,,,,,,,,,,,,,,,,,,,,,,,,,,,,,,,,,,,,,,,,,,,,,,,,,,,,,,,,,,,,
Nambá - FM (92.7),Ponte Serrada / SC,Alto Bela Vista / SC,Lindóia do Sul / SC,Pinheiro Preto / SC,Cordilheira Alta / SC,Bom Jesus / SC,Concórdia / SC,Presidente Castello Branco / SC,Peritiba / SC,Água Doce / SC,Lacerdópolis / SC,Ouro / SC,Capinzal / SC,Arabutã / SC,Abelardo Luz / SC,Ipumirim / SC,Salto Veloso / SC,Ouro Verde / SC,Joaçaba / SC,Ipira / SC,Iomerê / SC,Treze Tílias / SC,Paial / SC,São Domingos / SC,Faxinal dos Guedes / SC,Vargeão / SC,Piratuba / SC,Erval Velho / SC,Xavantina / SC,Itá / SC,Irani / SC,Seara / SC,Arvoredo / SC,Luzerna / SC,Ipuaçu / SC,Passos Maia / SC,Marema / SC,Xaxim / SC,Chapecó / SC,Entre Rios / SC,Lajeado Grande / SC,Vargem Bonita / SC,Xanxerê / SC,Catanduvas / SC,Ibicaré / SC,,,,,,,,,,,,,,,,,,,,,,,,,,,,,,,
Mega Hits - FM (92.5),Porto Belo / SC,,,,,,,,,,,,,,,,,,,,,,,,,,,,,,,,,,,,,,,,,,,,,,,,,,,,,,,,,,,,,,,,,,,,,,,,,,,
Intervox (Deus é Amor) - FM (98.9),Porto Belo / SC,,,,,,,,,,,,,,,,,,,,,,,,,,,,,,,,,,,,,,,,,,,,,,,,,,,,,,,,,,,,,,,,,,,,,,,,,,,
Colmeia - FM (103.1),Porto União / SC,,,,,,,,,,,,,,,,,,,,,,,,,,,,,,,,,,,,,,,,,,,,,,,,,,,,,,,,,,,,,,,,,,,,,,,,,,,
Antena 1 - FM (104.1),Porto União / SC,,,,,,,,,,,,,,,,,,,,,,,,,,,,,,,,,,,,,,,,,,,,,,,,,,,,,,,,,,,,,,,,,,,,,,,,,,,
Demais - FM (107.9),Presidente Getúlio / SC,,,,,,,,,,,,,,,,,,,,,,,,,,,,,,,,,,,,,,,,,,,,,,,,,,,,,,,,,,,,,,,,,,,,,,,,,,,
Coração - FM (93.9),Quilombo / SC,Chapecó / SC,Formosa do Sul / SC,Santiago do Sul / SC,Xanxerê / SC,Coronel Freitas / SC,Campo Erê / SC,Ipuaçu / SC,Novo Horizonte / SC,São Lourenço do Oeste / SC,Coronel Martins / SC,Irati / SC,Jardinópolis / SC,Galvão / SC,Lajeado Grande / SC,Saltinho / SC,Faxinal dos Guedes / SC,Xaxim / SC,Marema / SC,Entre Rios / SC,União do Oeste / SC,Pinhalzinho / SC,,,,,,,,,,,,,,,,,,,,,,,,,,,,,,,,,,,,,,,,,,,,,,,,,,,,,,
Mirador - FM (98.5),Rio do Sul / SC,,,,,,,,,,,,,,,,,,,,,,,,,,,,,,,,,,,,,,,,,,,,,,,,,,,,,,,,,,,,,,,,,,,,,,,,,,,
93 - FM (93.3),Rio do Sul / SC,,,,,,,,,,,,,,,,,,,,,,,,,,,,,,,,,,,,,,,,,,,,,,,,,,,,,,,,,,,,,,,,,,,,,,,,,,,
Amanda - FM (101.5),Rio do Sul / SC,,,,,,,,,,,,,,,,,,,,,,,,,,,,,,,,,,,,,,,,,,,,,,,,,,,,,,,,,,,,,,,,,,,,,,,,,,,
Jovem Pan Alto Vale - FM (93.9),Rio do Sul / SC,,,,,,,,,,,,,,,,,,,,,,,,,,,,,,,,,,,,,,,,,,,,,,,,,,,,,,,,,,,,,,,,,,,,,,,,,,,
Pérola (Timbó) - FM (95.5),Rio dos Cedros / SC,,,,,,,,,,,,,,,,,,,,,,,,,,,,,,,,,,,,,,,,,,,,,,,,,,,,,,,,,,,,,,,,,,,,,,,,,,,
Vitrine - FM (97.3),Rio Negrinho / SC,,,,,,,,,,,,,,,,,,,,,,,,,,,,,,,,,,,,,,,,,,,,,,,,,,,,,,,,,,,,,,,,,,,,,,,,,,,
Rio Negrinho - FM (97.9),Rio Negrinho / SC,,,,,,,,,,,,,,,,,,,,,,,,,,,,,,,,,,,,,,,,,,,,,,,,,,,,,,,,,,,,,,,,,,,,,,,,,,,
Difusora - FM (107.3),Rio Negro / PR,,,,,,,,,,,,,,,,,,,,,,,,,,,,,,,,,,,,,,,,,,,,,,,,,,,,,,,,,,,,,,,,,,,,,,,,,,,
Princesa (Timbó) - FM (107.5),Rodeio / SC,,,,,,,,,,,,,,,,,,,,,,,,,,,,,,,,,,,,,,,,,,,,,,,,,,,,,,,,,,,,,,,,,,,,,,,,,,,
Alvorada - FM (94.5),Santa Cecília / SC,,,,,,,,,,,,,,,,,,,,,,,,,,,,,,,,,,,,,,,,,,,,,,,,,,,,,,,,,,,,,,,,,,,,,,,,,,,
Bella - FM (97.3),Santo Antônio do Sudoeste / PR,,,,,,,,,,,,,,,,,,,,,,,,,,,,,,,,,,,,,,,,,,,,,,,,,,,,,,,,,,,,,,,,,,,,,,,,,,,
São Bento - FM (90.3),São Bento do Sul / SC,,,,,,,,,,,,,,,,,,,,,,,,,,,,,,,,,,,,,,,,,,,,,,,,,,,,,,,,,,,,,,,,,,,,,,,,,,,
89 - FM (88.9),São Bento do Sul / SC,,,,,,,,,,,,,,,,,,,,,,,,,,,,,,,,,,,,,,,,,,,,,,,,,,,,,,,,,,,,,,,,,,,,,,,,,,,
Band - FM (91.5),São Bento do Sul / SC,,,,,,,,,,,,,,,,,,,,,,,,,,,,,,,,,,,,,,,,,,,,,,,,,,,,,,,,,,,,,,,,,,,,,,,,,,,
Tropical - FM (97.7),São Carlos / SC,,,,,,,,,,,,,,,,,,,,,,,,,,,,,,,,,,,,,,,,,,,,,,,,,,,,,,,,,,,,,,,,,,,,,,,,,,,
A Nossa Rádio - FM (104.1),São Carlos / SC,São Miguel do Oeste / SC,Descanso / SC,Itá / SC,Seara / SC,Iporã do Oeste / SC,São João do Oeste / SC,Itapiranga / SC,Palmitos / SC,Mondaí / SC,Cunha Porã / SC,Maravilha / SC,Pinhalzinho / SC,Santiago do Sul / SC,Quilombo / SC,Coronel Freitas / SC,Xanxerê / SC,Xaxim / SC,Chapecó / SC,Guatambú / SC,,,,,,,,,,,,,,,,,,,,,,,,,,,,,,,,,,,,,,,,,,,,,,,,,,,,,,,,
Rede Clube - FM (104.3),São Domingos / SC,,,,,,,,,,,,,,,,,,,,,,,,,,,,,,,,,,,,,,,,,,,,,,,,,,,,,,,,,,,,,,,,,,,,,,,,,,,
São Francisco - FM (98.5),São Francisco do Sul / SC,,,,,,,,,,,,,,,,,,,,,,,,,,,,,,,,,,,,,,,,,,,,,,,,,,,,,,,,,,,,,,,,,,,,,,,,,,,
Super - FM (99.9),São João Batista / SC,,,,,,,,,,,,,,,,,,,,,,,,,,,,,,,,,,,,,,,,,,,,,,,,,,,,,,,,,,,,,,,,,,,,,,,,,,,
Clube I - FM (88.5),São João Batista / SC,,,,,,,,,,,,,,,,,,,,,,,,,,,,,,,,,,,,,,,,,,,,,,,,,,,,,,,,,,,,,,,,,,,,,,,,,,,
Nevasca - FM (104.1),São Joaquim / SC,,,,,,,,,,,,,,,,,,,,,,,,,,,,,,,,,,,,,,,,,,,,,,,,,,,,,,,,,,,,,,,,,,,,,,,,,,,
Difusora - FM (106.7),São Joaquim / SC,,,,,,,,,,,,,,,,,,,,,,,,,,,,,,,,,,,,,,,,,,,,,,,,,,,,,,,,,,,,,,,,,,,,,,,,,,,
Integração - FM (95.9),São José do Cedro / SC,,,,,,,,,,,,,,,,,,,,,,,,,,,,,,,,,,,,,,,,,,,,,,,,,,,,,,,,,,,,,,,,,,,,,,,,,,,
Cedro - FM (90.7),São José do Cedro / SC,,,,,,,,,,,,,,,,,,,,,,,,,,,,,,,,,,,,,,,,,,,,,,,,,,,,,,,,,,,,,,,,,,,,,,,,,,,
Doze de Maio - FM (107.5),São Lourenço do Oeste / SC,,,,,,,,,,,,,,,,,,,,,,,,,,,,,,,,,,,,,,,,,,,,,,,,,,,,,,,,,,,,,,,,,,,,,,,,,,,
Nova - FM (101.1),São Lourenço do Oeste / SC,Marema / SC,Santiago do Sul / SC,São Bernardino / SC,Jupiá / SC,Formosa do Sul / SC,Coronel Martins / SC,Quilombo / SC,Saltinho / SC,Novo Horizonte / SC,Campo Erê / SC,Galvão / SC,Irati / SC,,,,,,,,,,,,,,,,,,,,,,,,,,,,,,,,,,,,,,,,,,,,,,,,,,,,,,,,,,,,,,,
Voz Livre - Comunitária (98.3),São Ludgero / SC,,,,,,,,,,,,,,,,,,,,,,,,,,,,,,,,,,,,,,,,,,,,,,,,,,,,,,,,,,,,,,,,,,,,,,,,,,,
Top - FM (104.9),São Miguel do Oeste / SC,,,,,,,,,,,,,,,,,,,,,,,,,,,,,,,,,,,,,,,,,,,,,,,,,,,,,,,,,,,,,,,,,,,,,,,,,,,
Peperi - FM (99.9),São Miguel do Oeste / SC,,,,,,,,,,,,,,,,,,,,,,,,,,,,,,,,,,,,,,,,,,,,,,,,,,,,,,,,,,,,,,,,,,,,,,,,,,,
Cidade - FM (95.7),São Miguel do Oeste / SC,,,,,,,,,,,,,,,,,,,,,,,,,,,,,,,,,,,,,,,,,,,,,,,,,,,,,,,,,,,,,,,,,,,,,,,,,,,
103 - FM (103.7),São Miguel do Oeste / SC,,,,,,,,,,,,,,,,,,,,,,,,,,,,,,,,,,,,,,,,,,,,,,,,,,,,,,,,,,,,,,,,,,,,,,,,,,,
Vale - FM (106.7),Saudades / SC,,,,,,,,,,,,,,,,,,,,,,,,,,,,,,,,,,,,,,,,,,,,,,,,,,,,,,,,,,,,,,,,,,,,,,,,,,,
Belos Montes - FM (92.1),Seara / SC,,,,,,,,,,,,,,,,,,,,,,,,,,,,,,,,,,,,,,,,,,,,,,,,,,,,,,,,,,,,,,,,,,,,,,,,,,,
93 (Balneário Gaivota) - FM (93.3),Sombrio / SC,,,,,,,,,,,,,,,,,,,,,,,,,,,,,,,,,,,,,,,,,,,,,,,,,,,,,,,,,,,,,,,,,,,,,,,,,,,
102.9 - FM (102.9),Sombrio / SC,,,,,,,,,,,,,,,,,,,,,,,,,,,,,,,,,,,,,,,,,,,,,,,,,,,,,,,,,,,,,,,,,,,,,,,,,,,
Mampituba - FM (99.5),Sombrio / SC,,,,,,,,,,,,,,,,,,,,,,,,,,,,,,,,,,,,,,,,,,,,,,,,,,,,,,,,,,,,,,,,,,,,,,,,,,,
Demais - FM (104.7),Taió / SC,,,,,,,,,,,,,,,,,,,,,,,,,,,,,,,,,,,,,,,,,,,,,,,,,,,,,,,,,,,,,,,,,,,,,,,,,,,
Educadora - FM (90.3),Taió / SC,,,,,,,,,,,,,,,,,,,,,,,,,,,,,,,,,,,,,,,,,,,,,,,,,,,,,,,,,,,,,,,,,,,,,,,,,,,
Tangará - FM (104.3),Tangará / SC,,,,,,,,,,,,,,,,,,,,,,,,,,,,,,,,,,,,,,,,,,,,,,,,,,,,,,,,,,,,,,,,,,,,,,,,,,,
Vale - FM (102.9),Tijucas / SC,Antônio Carlos / SC,Balneário Camboriú / SC,Biguaçu / SC,Bombinhas / SC,Brusque / SC,Camboriú / SC,Canelinha / SC,Florianópolis / SC,Garopaba / SC,Governador Celso Ramos / SC,Itajaí / SC,Itapema / SC,Major Gercino / SC,Navegantes / SC,Nova Trento / SC,Palhoça / SC,Paulo Lopes / SC,Porto Belo / SC,Santo Amaro da Imperatriz / SC,São João Batista / SC,São José / SC,São Pedro de Alcântara / SC,,,,,,,,,,,,,,,,,,,,,,,,,,,,,,,,,,,,,,,,,,,,,,,,,,,,,
Massa Vale Itapema - FM (102.3),Tijucas / SC,,,,,,,,,,,,,,,,,,,,,,,,,,,,,,,,,,,,,,,,,,,,,,,,,,,,,,,,,,,,,,,,,,,,,,,,,,,
92 - FM (92.7),Timbó / SC,Apiúna / SC,Araquari / SC,Ascurra / SC,Atalanta / SC,Aurora / SC,Balneário Camboriú / SC,Barra Velha / SC,Benedito Novo / SC,Blumenau / SC,Bombinhas / SC,Botuverá / SC,Braço do Trombudo / SC,Brusque / SC,Camboriú / SC,Corupá / SC,Dona Emma / SC,Gaspar / SC,Guaramirim / SC,Ibirama / SC,Ilhota / SC,Indaial / SC,Itajaí / SC,Itapema / SC,Jaraguá do Sul / SC,Joinville / SC,José Boiteux / SC,Laurentino / SC,Lontras / SC,Luiz Alves / SC,Massaranduba / SC,Mirim Doce / SC,Penha / SC,Balneário Piçarras / SC,Pomerode / SC,Porto Belo / SC,Presidente Getúlio / SC,Rio do Oeste / SC,Rio do Sul / SC,Rio dos Cedros / SC,Rodeio / SC,São João do Itaperiú / SC,Vidal Ramos / SC,Vitor Meireles / SC,Witmarsum / SC,,,,,,,,,,,,,,,,,,,,,,,,,,,,,,,
Cultura 92 - FM (92.1),Timbó / SC,Blumenau / SC,Rio dos Cedros / SC,Ascurra / SC,Rodeio / SC,Pomerode / SC,Indaial / SC,Doutor Pedrinho / SC,Benedito Novo / SC,,,,,,,,,,,,,,,,,,,,,,,,,,,,,,,,,,,,,,,,,,,,,,,,,,,,,,,,,,,,,,,,,,,
106 - FM (106.7),Três Barras / SC,,,,,,,,,,,,,,,,,,,,,,,,,,,,,,,,,,,,,,,,,,,,,,,,,,,,,,,,,,,,,,,,,,,,,,,,,,,
Tropical - FM (99.1),Treze Tílias / SC,,,,,,,,,,,,,,,,,,,,,,,,,,,,,,,,,,,,,,,,,,,,,,,,,,,,,,,,,,,,,,,,,,,,,,,,,,,
Tubá - FM (104.9),Tubarão / SC,,,,,,,,,,,,,,,,,,,,,,,,,,,,,,,,,,,,,,,,,,,,,,,,,,,,,,,,,,,,,,,,,,,,,,,,,,,
Cidade - FM (103.7),Tubarão / SC,,,,,,,,,,,,,,,,,,,,,,,,,,,,,,,,,,,,,,,,,,,,,,,,,,,,,,,,,,,,,,,,,,,,,,,,,,,
Hiper - FM (93.9),Tubarão / SC,,,,,,,,,,,,,,,,,,,,,,,,,,,,,,,,,,,,,,,,,,,,,,,,,,,,,,,,,,,,,,,,,,,,,,,,,,,
Monte Carlo (Gravatal) - FM (107.9),Tubarão / SC,,,,,,,,,,,,,,,,,,,,,,,,,,,,,,,,,,,,,,,,,,,,,,,,,,,,,,,,,,,,,,,,,,,,,,,,,,,
102 (Capivari de Baixo) - FM (102.5),Tubarão / SC,,,,,,,,,,,,,,,,,,,,,,,,,,,,,,,,,,,,,,,,,,,,,,,,,,,,,,,,,,,,,,,,,,,,,,,,,,,
Nativa - FM (88.5),Tubarão / SC,,,,,,,,,,,,,,,,,,,,,,,,,,,,,,,,,,,,,,,,,,,,,,,,,,,,,,,,,,,,,,,,,,,,,,,,,,,
Massa - FM (98.9),Tubarão / SC,Araranguá / SC,Balneário Arroio do Silva / SC,Balneário Gaivota / SC,Bom Jardim da Serra / SC,Braço do Norte / SC,Capivari de Baixo / SC,Cocal do Sul / SC,Criciúma / SC,Ermo / SC,Forquilhinha / SC,Garopaba / SC,Grão Pará / SC,Gravatal / SC,Içara / SC,Imbituba / SC,Imaruí / SC,Jacinto Machado / SC,Jaguaruna / SC,Laguna / SC,Lauro Müller / SC,Meleiro / SC,Maracajá / SC,Morro da Fumaça / SC,Morro Grande / SC,Nova Veneza / SC,Orleans / SC,Passo de Torres / SC,Paulo Lopes / SC,Pedras Grandes / SC,Praia Grande / SC,Rio Fortuna / SC,Sangão / SC,Santa Rosa de Lima / SC,Santa Rosa do Sul / SC,São Bonifácio / SC,São João do Sul / SC,São Ludgero / SC,São Martinho / SC,Siderópolis / SC,Sombrio / SC,Timbé do Sul / SC,Treviso / SC,Treze de Maio / SC,Turvo / SC,Urussanga / SC,,,,,,,,,,,,,,,,,,,,,,,,,,,,,,
Jovem Pan - FM (94.9),Tubarão / SC,,,,,,,,,,,,,,,,,,,,,,,,,,,,,,,,,,,,,,,,,,,,,,,,,,,,,,,,,,,,,,,,,,,,,,,,,,,
Jovem Pan News (Imarui) - FM (95.9),Tubarão / SC,,,,,,,,,,,,,,,,,,,,,,,,,,,,,,,,,,,,,,,,,,,,,,,,,,,,,,,,,,,,,,,,,,,,,,,,,,,
Tunaporã - FM (105.9),Tunápolis / SC,,,,,,,,,,,,,,,,,,,,,,,,,,,,,,,,,,,,,,,,,,,,,,,,,,,,,,,,,,,,,,,,,,,,,,,,,,,
Imigrantes - FM (94.1),Turvo / SC,Ermo / SC,Jacinto Machado / SC,Meleiro / SC,Timbé do Sul / SC,Morro Grande / SC,Siderópolis / SC,Forquilhinha / SC,Criciúma / SC,Maracajá / SC,Araranguá / SC,Balneário Arroio do Silva / SC,Balneário Gaivota / SC,Sombrio / SC,Santa Rosa do Sul / SC,Praia Grande / SC,São João do Sul / SC,Passo de Torres / SC,Balneário Rincão / SC,Içara / SC,Tubarão / SC,Nova Veneza / SC,Cocal do Sul / SC,Morro da Fumaça / SC,Jaguaruna / SC,Urussanga / SC,Treviso / SC,,,,,,,,,,,,,,,,,,,,,,,,,,,,,,,,,,,,,,,,,,,,,,,,,
Vertical (Siderópolis) - FM (97.7),Turvo / SC,,,,,,,,,,,,,,,,,,,,,,,,,,,,,,,,,,,,,,,,,,,,,,,,,,,,,,,,,,,,,,,,,,,,,,,,,,,
Verde Vale - FM (94.1),União da Vitória / PR,,,,,,,,,,,,,,,,,,,,,,,,,,,,,,,,,,,,,,,,,,,,,,,,,,,,,,,,,,,,,,,,,,,,,,,,,,,
Educadora Uniguaçu - FM (101.9),União da Vitória / PR,,,,,,,,,,,,,,,,,,,,,,,,,,,,,,,,,,,,,,,,,,,,,,,,,,,,,,,,,,,,,,,,,,,,,,,,,,,
Massa - FM (106.5),União da Vitória / PR,,,,,,,,,,,,,,,,,,,,,,,,,,,,,,,,,,,,,,,,,,,,,,,,,,,,,,,,,,,,,,,,,,,,,,,,,,,
Jovem Pan - FM (98.3),União da Vitória / PR,Porto União / SC,Calmon / SC,Canoinhas / SC,Irineópolis / SC,Matos Costa / SC,Timbó Grande / SC,,,,,,,,,,,,,,,,,,,,,,,,,,,,,,,,,,,,,,,,,,,,,,,,,,,,,,,,,,,,,,,,,,,,,
Gralha Azul - FM (88.9),Urubici / SC,,,,,,,,,,,,,,,,,,,,,,,,,,,,,,,,,,,,,,,,,,,,,,,,,,,,,,,,,,,,,,,,,,,,,,,,,,,
Marconi - FM (99.9),Urussanga / SC,Urubici / SC,São Joaquim / SC,Laguna / SC,Tubarão / SC,Araranguá / SC,,,,,,,,,,,,,,,,,,,,,,,,,,,,,,,,,,,,,,,,,,,,,,,,,,,,,,,,,,,,,,,,,,,,,,
Videira - FM (88.5),Videira / SC,Caçador / SC,Macieira / SC,Rio das Antas / SC,Calmon / SC,Matos Costa / SC,Timbó Grande / SC,Curitibanos / SC,Arroio Trinta / SC,Fraiburgo / SC,Lebon Régis / SC,Salto Veloso / SC,Tangará / SC,Monte Carlo / SC,Campos Novos / SC,Porto União / SC,Santa Cecília / SC,Ibiam / SC,Treze Tílias / SC,Pinheiro Preto / SC,Iomerê / SC,,,,,,,,,,,,,,,,,,,,,,,,,,,,,,,,,,,,,,,,,,,,,,,,,,,,,,,
Vitória - AM (1320),Videira / SC,,,,,,,,,,,,,,,,,,,,,,,,,,,,,,,,,,,,,,,,,,,,,,,,,,,,,,,,,,,,,,,,,,,,,,,,,,,
V - FM (102.9),Videira / SC,,,,,,,,,,,,,,,,,,,,,,,,,,,,,,,,,,,,,,,,,,,,,,,,,,,,,,,,,,,,,,,,,,,,,,,,,,,
Popular - Comunitária (104.9),Videira / SC,,,,,,,,,,,,,,,,,,,,,,,,,,,,,,,,,,,,,,,,,,,,,,,,,,,,,,,,,,,,,,,,,,,,,,,,,,,
Princesa - FM (98.5),Xanxerê / SC,,,,,,,,,,,,,,,,,,,,,,,,,,,,,,,,,,,,,,,,,,,,,,,,,,,,,,,,,,,,,,,,,,,,,,,,,,,
101 - FM (101.3),Xanxerê / SC,,,,,,,,,,,,,,,,,,,,,,,,,,,,,,,,,,,,,,,,,,,,,,,,,,,,,,,,,,,,,,,,,,,,,,,,,,,
Momento - FM (97.9),Xanxerê / SC,,,,,,,,,,,,,,,,,,,,,,,,,,,,,,,,,,,,,,,,,,,,,,,,,,,,,,,,,,,,,,,,,,,,,,,,,,,
Nativa - FM (105.7),Xanxerê / SC,,,,,,,,,,,,,,,,,,,,,,,,,,,,,,,,,,,,,,,,,,,,,,,,,,,,,,,,,,,,,,,,,,,,,,,,,,,
Vanguarda - FM (95.5),Xaxim / SC,,,,,,,,,,,,,,,,,,,,,,,,,,,,,,,,,,,,,,,,,,,,,,,,,,,,,,,,,,,,,,,,,,,,,,,,,,,
Cultura - FM (96.9),Xaxim / SC,,,,,,,,,,,,,,,,,,,,,,,,,,,,,,,,,,,,,,,,,,,,,,,,,,,,,,,,,,,,,,,,,,,,,,,,,,,
Amiga - Comunitária (104.9),Xaxim / SC,,,,,,,,,,,,,,,,,,,,,,,,,,,,,,,,,,,,,,,,,,,,,,,,,,,,,,,,,,,,,,,,,,,,,,,,,,,